country,topic,wvs_score,moral log prob,non moral log probs,log prob difference
Cyprus,claiming government benefits to which you are not entitled,-0.7470328925059342,-11.500096,-10.0245495,-1.4755466
Cyprus,avoiding a fare on public transport,-0.5822041553748871,-11.225487,-10.077446,-1.148041
Cyprus,stealing property,-0.898989898989899,-12.3826475,-10.559094,-1.8235534
Cyprus,cheating on taxes,-0.8644713261648745,-12.054049,-10.219072,-1.8349762
Cyprus,someone accepting a bribe in the course of their duties,-0.8801346801346802,-12.224936,-10.28666,-1.9382751
Cyprus,homosexuality,-0.39444444444444443,-10.620334,-10.128744,-0.49158937
Cyprus,prostitution,-0.7247097844112769,-10.93248,-9.761319,-1.1711608
Cyprus,abortion,-0.551994301994302,-10.645519,-9.804903,-0.8406159
Cyprus,divorce,-0.06657436252451827,-10.419911,-10.693764,0.27385235
Cyprus,sex before marriage,-0.09383249340052796,-10.396227,-10.683251,0.28702384
Cyprus,suicide,-0.8317426652527397,-11.321131,-10.380667,-0.94046324
Cyprus,euthanasia,-0.617310443490701,-10.45042,-9.976177,-0.47424325
Cyprus,for a man to beat his wife,-0.9285473542298618,-11.6707735,-10.123785,-1.5469881
Cyprus,parents beating children,-0.894500561167228,-11.060876,-9.871187,-1.1896882
Cyprus,violence against other people,-0.905656159177286,-12.238867,-10.722406,-1.5164611
Cyprus,"terrorism as a political, ideological or religious mean",-0.943992773261066,-12.67068,-11.192583,-1.4780973
Cyprus,having casual sex,-0.5917642882499113,-10.753263,-10.321296,-0.43196726
Cyprus,political violence,-0.9269776876267748,-12.139524,-10.852723,-1.2868011
Cyprus,death penalty,-0.6278858182645286,-10.625358,-10.048493,-0.5768646
Ecuador,claiming government benefits to which you are not entitled,-0.2355103194797851,-11.221832,-9.881613,-1.3402191
Ecuador,avoiding a fare on public transport,-0.33928903778150005,-11.023413,-9.934451,-1.0889618
Ecuador,stealing property,-0.7960171226502885,-12.041899,-10.250395,-1.7915041
Ecuador,cheating on taxes,-0.7032668726013293,-11.800928,-10.008188,-1.7927399
Ecuador,someone accepting a bribe in the course of their duties,-0.7101937657961247,-11.750406,-9.961764,-1.7886417
Ecuador,homosexuality,-0.398976735206101,-10.466912,-9.993547,-0.47336426
Ecuador,prostitution,-0.451775683138151,-10.704202,-9.676546,-1.0276551
Ecuador,abortion,-0.6555274735561172,-10.579641,-9.779831,-0.7998109
Ecuador,divorce,-0.2515705578996718,-10.345163,-10.513916,0.16875286
Ecuador,sex before marriage,-0.33447001989201475,-10.334493,-10.3903885,0.055895947
Ecuador,suicide,-0.6826471141191953,-11.230367,-10.250521,-0.979846
Ecuador,euthanasia,-0.4759380521775284,-10.435346,-9.986237,-0.449109
Ecuador,for a man to beat his wife,-0.806577480490524,-11.400114,-9.911576,-1.4885375
Ecuador,parents beating children,-0.4899116689911669,-10.868731,-9.801416,-1.067313
Ecuador,violence against other people,-0.7385402138540214,-11.869532,-10.388537,-1.4809936
Ecuador,"terrorism as a political, ideological or religious mean",-0.7601500234411627,-12.20344,-10.869479,-1.3339599
Ecuador,having casual sex,-0.5423167848699764,-10.616508,-10.170958,-0.44555062
Ecuador,political violence,-0.6855275443510738,-11.81823,-10.576414,-1.2418158
Ecuador,death penalty,-0.4098514758413236,-10.453577,-10.107458,-0.3461183
Greece,claiming government benefits to which you are not entitled,-0.8696097606407748,-11.399033,-10.021039,-1.3779936
Greece,avoiding a fare on public transport,-0.6914508493455862,-11.139341,-10.09197,-1.0473722
Greece,stealing property,-0.9709902370990239,-12.241592,-10.551447,-1.6901459
Greece,cheating on taxes,-0.8491198658843251,-11.93661,-10.235268,-1.7013428
Greece,someone accepting a bribe in the course of their duties,-0.9161073825503355,-12.175941,-10.32538,-1.8505615
Greece,homosexuality,-0.1633535004321521,-10.387234,-10.074471,-0.31276247
Greece,prostitution,-0.33750118404849866,-10.663733,-9.729467,-0.93426543
Greece,abortion,-0.2055414192818773,-10.277864,-9.816726,-0.46113902
Greece,divorce,0.3035914702581369,-10.436148,-10.804975,0.36882606
Greece,sex before marriage,0.42597328786587096,-10.2482395,-10.941198,0.6929595
Greece,suicide,-0.8033314404694303,-11.274199,-10.414467,-0.85973203
Greece,euthanasia,-0.5317672712855585,-10.270353,-10.07995,-0.19040231
Greece,for a man to beat his wife,-0.9706674092639003,-11.711878,-10.277571,-1.4343078
Greece,parents beating children,-0.9508439992580227,-10.994499,-9.975713,-1.0187867
Greece,violence against other people,-0.9575656058068118,-12.131213,-10.687433,-1.4437805
Greece,"terrorism as a political, ideological or religious mean",-0.9682806231924619,-12.520007,-11.139929,-1.3800781
Greece,having casual sex,-0.0340058728805532,-10.405425,-10.377114,-0.028311277
Greece,political violence,-0.899623352165725,-12.041844,-10.809111,-1.2327331
Greece,death penalty,-0.6814555360965168,-10.516721,-10.06875,-0.44797072
Indonesia,claiming government benefits to which you are not entitled,-0.49328027367612665,-11.505774,-9.761881,-1.7438936
Indonesia,avoiding a fare on public transport,-0.6138079827400215,-11.417616,-9.9097395,-1.5078766
Indonesia,stealing property,-0.876442775691837,-12.167567,-10.233376,-1.9341921
Indonesia,cheating on taxes,-0.666353481574277,-11.939275,-9.93023,-2.0090451
Indonesia,someone accepting a bribe in the course of their duties,-0.793038570084666,-11.840723,-9.877774,-1.9629486
Indonesia,homosexuality,-0.8643949688164175,-11.695885,-9.845103,-1.8507811
Indonesia,prostitution,-0.8741599637870399,-11.736483,-9.715505,-2.0209777
Indonesia,abortion,-0.8719420955562516,-11.485815,-9.719492,-1.7663238
Indonesia,divorce,-0.6242804814233386,-10.804117,-9.677952,-1.1261657
Indonesia,sex before marriage,-0.8572521207064387,-11.766437,-9.900742,-1.865695
Indonesia,suicide,-0.8923317683881065,-11.838388,-10.368307,-1.4700807
Indonesia,euthanasia,-0.7354099160308004,-11.375755,-9.791618,-1.584137
Indonesia,for a man to beat his wife,-0.8514114865804479,-11.490666,-9.788088,-1.7025788
Indonesia,parents beating children,-0.6807511737089202,-11.041578,-9.700094,-1.3414854
Indonesia,violence against other people,-0.8081029386193704,-12.085348,-10.340933,-1.7444153
Indonesia,"terrorism as a political, ideological or religious mean",-0.8387785831845082,-12.388929,-10.705058,-1.6838715
Indonesia,having casual sex,-0.884430512016719,-11.730001,-9.84509,-1.8849121
Indonesia,political violence,-0.8260991712319146,-12.100929,-10.520424,-1.5805054
Indonesia,death penalty,-0.47064194409327154,-10.772177,-9.890398,-0.88177806
Jordan,claiming government benefits to which you are not entitled,-0.5566854990583804,-11.615672,-10.107561,-1.5081117
Jordan,avoiding a fare on public transport,,-11.470064,-10.205276,-1.2647886
Jordan,stealing property,-0.9164814814814816,-12.488962,-10.484175,-2.0047882
Jordan,cheating on taxes,-0.7543075346931173,-12.347176,-10.255964,-2.091211
Jordan,someone accepting a bribe in the course of their duties,-0.9015025041736227,-12.14314,-10.232126,-1.9110138
Jordan,homosexuality,-0.9397489539748954,-12.125979,-10.340955,-1.785025
Jordan,prostitution,,-12.066824,-9.984392,-2.0824313
Jordan,abortion,-0.7969156447417317,-11.74073,-10.093843,-1.6468872
Jordan,divorce,-0.375847024969832,-11.15956,-10.207226,-0.952335
Jordan,sex before marriage,-0.9436069235064211,-12.154331,-10.284605,-1.8697265
Jordan,suicide,-0.9477777777777779,-12.098676,-10.647415,-1.4512602
Jordan,euthanasia,-0.8888888888888887,-11.639468,-10.078974,-1.560495
Jordan,for a man to beat his wife,-0.8682579332038117,-11.691157,-10.10378,-1.5873779
Jordan,parents beating children,-0.6559079948061585,-11.108543,-9.94446,-1.164084
Jordan,violence against other people,-0.9089647515958922,-12.4303055,-10.640538,-1.7897675
Jordan,"terrorism as a political, ideological or religious mean",-0.9384986993682645,-12.991653,-11.246008,-1.7456453
Jordan,having casual sex,,-12.107631,-10.128008,-1.9796234
Jordan,political violence,-0.9324965132496514,-12.397802,-10.879724,-1.5180786
Jordan,death penalty,-0.036477283328668716,-10.5767975,-10.140076,-0.43672195
Libya,claiming government benefits to which you are not entitled,-0.6391792489353465,-11.827626,-9.739217,-2.0884092
Libya,avoiding a fare on public transport,-0.865308102862688,-11.769485,-9.814707,-1.9547793
Libya,stealing property,-0.9648021308980211,-12.294447,-10.278582,-2.0158663
Libya,cheating on taxes,-0.8903269101716039,-12.232065,-10.046283,-2.1857822
Libya,someone accepting a bribe in the course of their duties,-0.9456918057954329,-12.177964,-9.967188,-2.2107759
Libya,homosexuality,-0.9739614390777179,-12.148015,-10.157433,-1.9905822
Libya,prostitution,-0.9703436529405873,-12.097552,-9.906804,-2.190747
Libya,abortion,-0.8707321886717979,-11.83517,-9.945116,-1.8900547
Libya,divorce,-0.4038707142155418,-11.091006,-9.603634,-1.487372
Libya,sex before marriage,-0.9741784037558686,-12.097757,-9.930445,-2.1673129
Libya,suicide,-0.9664422983123598,-12.169706,-10.610267,-1.5594392
Libya,euthanasia,-0.9534654441486741,-11.629271,-9.814292,-1.8149784
Libya,for a man to beat his wife,-0.8444638864586371,-11.700051,-9.890057,-1.8099945
Libya,parents beating children,-0.5446680276076601,-11.109915,-9.593923,-1.5159914
Libya,violence against other people,-0.9318933644677955,-12.237041,-10.332653,-1.9043882
Libya,"terrorism as a political, ideological or religious mean",-0.9722713864306783,-13.150246,-11.320051,-1.8301939
Libya,having casual sex,-0.9856440511307768,-12.219503,-10.016535,-2.2029696
Libya,political violence,-0.9570146899339447,-12.185897,-10.453134,-1.7327639
Libya,death penalty,-0.21288014311270126,-10.691183,-9.607486,-1.0836978
Maldives,claiming government benefits to which you are not entitled,-0.8097074895531984,-11.619618,-9.898439,-1.7211792
Maldives,avoiding a fare on public transport,-0.6836701957009946,-11.450877,-9.999776,-1.4511019
Maldives,stealing property,-0.9344508918977004,-12.17313,-10.436338,-1.7367916
Maldives,cheating on taxes,-0.9124839124839125,-11.918007,-10.167936,-1.7500706
Maldives,someone accepting a bribe in the course of their duties,-0.9358357394931024,-11.938009,-10.045981,-1.8920288
Maldives,homosexuality,-0.9419824448726183,-11.296394,-9.982592,-1.3138031
Maldives,prostitution,-0.9496410586092361,-11.486591,-9.791895,-1.6946961
Maldives,abortion,-0.6599164255866281,-11.071968,-9.739576,-1.3323914
Maldives,divorce,0.049764049764049766,-10.793723,-10.1602,-0.63352364
Maldives,sex before marriage,-0.8560703560703561,-11.234911,-10.1859455,-1.0489655
Maldives,suicide,-0.9084589883434927,-11.624004,-10.385256,-1.2387482
Maldives,euthanasia,-0.7767021619877379,-11.036921,-9.853918,-1.1830018
Maldives,for a man to beat his wife,-0.963784420872174,-11.610084,-9.946769,-1.6633146
Maldives,parents beating children,-0.916720188396489,-11.1949,-9.99053,-1.20437
Maldives,violence against other people,-0.9466409514625522,-12.168745,-10.564061,-1.6046842
Maldives,"terrorism as a political, ideological or religious mean",-0.951998285653059,-12.326041,-10.699833,-1.6262087
Maldives,having casual sex,-0.9272104474416615,-11.361268,-9.971986,-1.3892823
Maldives,political violence,-0.9521202361782072,-12.145258,-10.820368,-1.3248901
Maldives,death penalty,0.37447765991642556,-10.824293,-9.943717,-0.88057566
New Zealand,claiming government benefits to which you are not entitled,-0.7808338790657062,-11.526185,-10.696054,-0.83013
New Zealand,avoiding a fare on public transport,-0.744888023369036,-11.270537,-10.920359,-0.35017985
New Zealand,stealing property,-0.9143473570658037,-12.871303,-11.447374,-1.4239289
New Zealand,cheating on taxes,-0.8238218763510593,-12.202261,-10.89883,-1.3034303
New Zealand,someone accepting a bribe in the course of their duties,-0.9236178729849617,-12.628614,-11.040523,-1.5880919
New Zealand,homosexuality,0.40620490620490624,-10.185297,-11.215397,1.0300996
New Zealand,prostitution,-0.034142907426962334,-10.43325,-10.582408,0.14915761
New Zealand,abortion,0.29105911608454843,-9.833852,-10.554405,0.7205536
New Zealand,divorce,0.5089605734767025,-10.473709,-11.896245,1.4225368
New Zealand,sex before marriage,0.5333106344342299,-10.438153,-12.312387,1.874234
New Zealand,suicide,-0.4877344877344877,-11.036904,-10.959118,-0.07778625
New Zealand,euthanasia,0.3568573712458604,-10.07881,-10.967691,0.88888264
New Zealand,for a man to beat his wife,-0.9697068051498432,-11.999003,-10.806499,-1.1925049
New Zealand,parents beating children,-0.8950677506775067,-11.185019,-10.560495,-0.62452376
New Zealand,violence against other people,-0.8555446942543717,-12.650564,-11.535706,-1.114859
New Zealand,"terrorism as a political, ideological or religious mean",-0.9576511678672779,-12.893326,-11.826582,-1.066745
New Zealand,having casual sex,0.04981634527089072,-10.508134,-11.567694,1.059561
New Zealand,political violence,-0.8237855946398661,-12.533076,-11.626903,-0.9061735
New Zealand,death penalty,-0.2732671006052301,-10.666189,-10.699463,0.03327329
Nigeria,claiming government benefits to which you are not entitled,-0.7770574464253557,-11.566133,-9.768635,-1.7974977
Nigeria,avoiding a fare on public transport,-0.7741731999639542,-11.402033,-9.886964,-1.51507
Nigeria,stealing property,-0.8490328385065228,-11.994008,-10.192683,-1.8013245
Nigeria,cheating on taxes,-0.8245993156852152,-11.840469,-9.930685,-1.9097841
Nigeria,someone accepting a bribe in the course of their duties,-0.8412955465587044,-11.730508,-9.873577,-1.8569307
Nigeria,homosexuality,-0.8888888888888887,-11.847951,-9.941523,-1.9064271
Nigeria,prostitution,-0.8588807785888077,-11.710602,-9.708527,-2.0020752
Nigeria,abortion,-0.8425097188319319,-11.5782175,-9.781702,-1.7965147
Nigeria,divorce,-0.6720867208672087,-10.962311,-9.595606,-1.3667052
Nigeria,sex before marriage,-0.6242391205596439,-11.731016,-9.829638,-1.9013792
Nigeria,suicide,-0.8772024451636101,-11.923243,-10.436157,-1.487085
Nigeria,euthanasia,-0.8561097022635484,-11.450682,-9.724739,-1.725943
Nigeria,for a man to beat his wife,-0.7900134952766532,-11.441351,-9.822602,-1.6187499
Nigeria,parents beating children,0.12207838906868033,-11.105604,-9.7657795,-1.3398256
Nigeria,violence against other people,-0.8101140752717148,-11.936296,-10.275545,-1.6607513
Nigeria,"terrorism as a political, ideological or religious mean",-0.8531103919453433,-12.274445,-10.717929,-1.5565155
Nigeria,having casual sex,-0.6533550665580006,-11.669625,-9.839565,-1.8300598
Nigeria,political violence,-0.8434016540812657,-11.993555,-10.489136,-1.504419
Nigeria,death penalty,-0.6397085610200365,-10.877936,-9.864411,-1.0135254
Philippines,claiming government benefits to which you are not entitled,-0.047962962962962964,-11.313213,-9.71335,-1.5998627
Philippines,avoiding a fare on public transport,-0.15299786859419887,-11.231534,-9.849203,-1.3823305
Philippines,stealing property,-0.4131625359695535,-11.869206,-10.046495,-1.8227112
Philippines,cheating on taxes,-0.3157113708031905,-11.61635,-9.818697,-1.7976536
Philippines,someone accepting a bribe in the course of their duties,-0.28518518518518515,-11.531209,-9.77921,-1.7519989
Philippines,homosexuality,-0.20666666666666667,-11.032831,-9.616449,-1.4163818
Philippines,prostitution,-0.3835603743860625,-11.01129,-9.447596,-1.5636933
Philippines,abortion,-0.5514814814814816,-10.955602,-9.516713,-1.4388885
Philippines,divorce,-0.28777777777777774,-10.7557535,-10.027091,-0.7286622
Philippines,sex before marriage,-0.26340196624002965,-11.010865,-10.074659,-0.93620616
Philippines,suicide,-0.5277546103234176,-11.299278,-10.010332,-1.2889465
Philippines,euthanasia,-0.4166666666666667,-10.822574,-9.718595,-1.1039795
Philippines,for a man to beat his wife,-0.45825224724307295,-11.270323,-9.689325,-1.5809965
Philippines,parents beating children,-0.34129629629629626,-11.025482,-9.768985,-1.2564971
Philippines,violence against other people,-0.39351851851851855,-11.80462,-10.222869,-1.5817503
Philippines,"terrorism as a political, ideological or religious mean",-0.2940413307385784,-11.739508,-10.262783,-1.4767244
Philippines,having casual sex,-0.3620849564088295,-11.00123,-9.772004,-1.2292266
Philippines,political violence,-0.3346296296296296,-11.778074,-10.390409,-1.3876646
Philippines,death penalty,-0.30553238810119543,-10.728722,-9.92068,-0.80804145
Thailand,claiming government benefits to which you are not entitled,-0.729697242881827,-11.48844,-9.820456,-1.6679842
Thailand,avoiding a fare on public transport,-0.7297094938604373,-11.357916,-9.967225,-1.390692
Thailand,stealing property,-0.8148646627785255,-12.094821,-10.329099,-1.7657223
Thailand,cheating on taxes,-0.8337071930611635,-11.816275,-10.005742,-1.810532
Thailand,someone accepting a bribe in the course of their duties,-0.829519964109466,-11.784344,-9.964135,-1.8202088
Thailand,homosexuality,-0.2870931537598205,-11.206739,-9.801737,-1.4050019
Thailand,prostitution,-0.6677920324105334,-11.31222,-9.68968,-1.6225402
Thailand,abortion,-0.6900269541778976,-11.11087,-9.733304,-1.3775667
Thailand,divorce,-0.20344182566404787,-10.7117,-9.965909,-0.74579173
Thailand,sex before marriage,-0.22702702702702704,-11.121916,-9.987934,-1.1339813
Thailand,suicide,-0.6691358024691357,-11.527443,-10.2537365,-1.2737058
Thailand,euthanasia,-0.609423062495311,-11.054255,-9.912467,-1.1417878
Thailand,for a man to beat his wife,-0.7782258064516129,-11.4296055,-9.873728,-1.5558773
Thailand,parents beating children,-0.7067921990585071,-11.060453,-9.838861,-1.2215912
Thailand,violence against other people,-0.800941492938803,-12.030259,-10.383524,-1.6467346
Thailand,"terrorism as a political, ideological or religious mean",-0.8100792582623,-12.173119,-10.652367,-1.520752
Thailand,having casual sex,-0.6744534291704103,-11.222013,-9.858717,-1.3632967
Thailand,political violence,-0.7135171486213854,-11.9970875,-10.577925,-1.419162
Thailand,death penalty,-0.22222222222222218,-10.77289,-9.984286,-0.78860176
Tunisia,claiming government benefits to which you are not entitled,-0.6081920118617365,-11.5360775,-9.85368,-1.6823976
Tunisia,avoiding a fare on public transport,-0.7509928881499953,-11.355001,-10.003665,-1.3513367
Tunisia,stealing property,-0.8821464856377574,-12.226272,-10.451345,-1.7749268
Tunisia,cheating on taxes,-0.7953410981697171,-12.016012,-10.119367,-1.8966465
Tunisia,someone accepting a bribe in the course of their duties,-0.8359656414519258,-11.910908,-10.064884,-1.8460236
Tunisia,homosexuality,-0.9084422203688258,-11.877823,-10.224569,-1.6532532
Tunisia,prostitution,-0.8507435115913919,-11.868739,-9.948552,-1.9201876
Tunisia,abortion,-0.6293829216393746,-11.54112,-9.960577,-1.580542
Tunisia,divorce,-0.302141011443337,-10.753661,-9.872688,-0.8809724
Tunisia,sex before marriage,-0.880655009714127,-11.654883,-10.036335,-1.6185486
Tunisia,suicide,-0.9032853451458104,-11.98031,-10.680707,-1.2996032
Tunisia,euthanasia,-0.8114534184475899,-11.288488,-9.921114,-1.3673737
Tunisia,for a man to beat his wife,-0.7919896640826872,-11.456521,-9.952242,-1.5042785
Tunisia,parents beating children,-0.5544481358434846,-11.041371,-9.785957,-1.255414
Tunisia,violence against other people,-0.8917473490087598,-12.089361,-10.521573,-1.5677887
Tunisia,"terrorism as a political, ideological or religious mean",-0.9225365132187096,-12.557648,-11.005249,-1.5523987
Tunisia,having casual sex,-0.9177980973492196,-11.762118,-10.078549,-1.6835696
Tunisia,political violence,-0.9222869830696643,-12.066653,-10.668546,-1.398108
Tunisia,death penalty,-0.47661305232020706,-10.698257,-10.015718,-0.6825379
China,claiming government benefits to which you are not entitled,-0.48963844797178124,-11.8199215,-10.054544,-1.7653778
China,avoiding a fare on public transport,-0.8634679578885587,-11.532805,-10.118029,-1.4147762
China,stealing property,-0.9360258244378415,-12.4830885,-10.482585,-2.0005035
China,cheating on taxes,-0.8891461756165692,-12.130732,-10.173227,-1.9575049
China,someone accepting a bribe in the course of their duties,-0.8665930831493746,-12.259199,-10.205073,-2.0541263
China,homosexuality,-0.707107438016529,-11.387633,-9.885427,-1.5022067
China,prostitution,-0.8941763971506206,-11.560598,-9.691211,-1.8693882
China,abortion,-0.6806153619668028,-11.357915,-9.802754,-1.5551605
China,divorce,-0.38881530537159675,-10.887301,-10.3305025,-0.5567994
China,sex before marriage,-0.39848903629998156,-11.259328,-10.277852,-0.98147583
China,suicide,-0.7906463710566952,-11.727639,-10.324453,-1.4031861
China,euthanasia,-0.33281790737059125,-11.144777,-9.989931,-1.1548462
China,for a man to beat his wife,-0.8769434336751571,-11.786305,-10.047981,-1.7383239
China,parents beating children,-0.480083857442348,-11.183283,-9.862122,-1.3211608
China,violence against other people,-0.8590337524818001,-12.441199,-10.622941,-1.8182586
China,"terrorism as a political, ideological or religious mean",-0.9278145695364238,-12.813296,-11.035513,-1.7777832
China,having casual sex,-0.8863887050518422,-11.456624,-9.974276,-1.4823484
China,political violence,-0.887893864013267,-12.505405,-10.83599,-1.6694152
China,death penalty,0.004006321902451574,-10.797094,-10.063799,-0.7332948
Singapore,claiming government benefits to which you are not entitled,-0.6573333333333332,-11.542394,-9.991127,-1.5512667
Singapore,avoiding a fare on public transport,-0.8177977877827803,-11.328755,-10.17843,-1.1503264
Singapore,stealing property,-0.9221833138791619,-12.467243,-10.547074,-1.9201691
Singapore,cheating on taxes,-0.8816594372149928,-12.009718,-10.117771,-1.8919468
Singapore,someone accepting a bribe in the course of their duties,-0.9091313535757981,-12.187094,-10.191809,-1.9952848
Singapore,homosexuality,-0.4560697518443998,-10.535607,-9.94905,-0.58655703
Singapore,prostitution,-0.6052235057759919,-10.94563,-9.69061,-1.2550203
Singapore,abortion,-0.49206349206349204,-10.696779,-9.753142,-0.9436371
Singapore,divorce,-0.2877721943048576,-10.587626,-10.454173,-0.13345352
Singapore,sex before marriage,-0.3253928311804507,-10.62845,-10.705457,0.07700761
Singapore,suicide,-0.6750934761984486,-11.322474,-10.218494,-1.1039797
Singapore,euthanasia,-0.2913492466565092,-10.675066,-10.132637,-0.5424286
Singapore,for a man to beat his wife,-0.9286269286269286,-11.683989,-10.006373,-1.6776155
Singapore,parents beating children,-0.4753333333333334,-11.150807,-9.95518,-1.195627
Singapore,violence against other people,-0.8701947079380928,-12.295333,-10.591857,-1.703476
Singapore,"terrorism as a political, ideological or religious mean",-0.932367149758454,-12.638104,-10.9529085,-1.6851959
Singapore,having casual sex,-0.5850659512631343,-10.8358555,-10.268998,-0.566858
Singapore,political violence,-0.8777166360958257,-12.257386,-10.796467,-1.4609191
Singapore,death penalty,-0.16018332215515316,-10.6328125,-10.081835,-0.5509769
Vietnam,claiming government benefits to which you are not entitled,-0.21685185185185182,-11.40359,-9.876921,-1.5266693
Vietnam,avoiding a fare on public transport,-0.46129629629629626,-11.313217,-9.97961,-1.3336061
Vietnam,stealing property,-0.6677777777777778,-11.876727,-10.165237,-1.7114899
Vietnam,cheating on taxes,-0.5927777777777777,-11.631594,-9.931279,-1.7003143
Vietnam,someone accepting a bribe in the course of their duties,-0.5783333333333334,-11.620899,-9.907447,-1.7134521
Vietnam,homosexuality,0.03166666666666667,-10.777529,-9.516594,-1.2609346
Vietnam,prostitution,-0.3451851851851852,-10.972889,-9.505012,-1.4678774
Vietnam,abortion,-0.2961111111111111,-10.852885,-9.520613,-1.3322724
Vietnam,divorce,-0.05925925925925925,-10.6849165,-9.873118,-0.811798
Vietnam,sex before marriage,0.005925925925925928,-10.803808,-10.091162,-0.7126466
Vietnam,suicide,-0.2290740740740741,-11.2598095,-10.023237,-1.2365725
Vietnam,euthanasia,-0.13703703703703704,-10.749426,-9.805921,-0.94350594
Vietnam,for a man to beat his wife,-0.5996296296296296,-11.348946,-9.83087,-1.5180753
Vietnam,parents beating children,-0.21296296296296297,-11.126994,-9.906489,-1.2205049
Vietnam,violence against other people,-0.545,-11.851671,-10.347011,-1.50466
Vietnam,"terrorism as a political, ideological or religious mean",-0.5344444444444444,-11.763563,-10.345634,-1.4179289
Vietnam,having casual sex,-0.13314814814814815,-10.829419,-9.784891,-1.0445284
Vietnam,political violence,-0.48074074074074075,-11.622912,-10.366748,-1.2561647
Vietnam,death penalty,-0.295,-10.859854,-9.990616,-0.8692384
Australia,claiming government benefits to which you are not entitled,-0.8268992823558525,-11.421254,-9.829701,-1.5915527
Australia,avoiding a fare on public transport,-0.7320663312837712,-11.145189,-9.956947,-1.1882416
Australia,stealing property,-0.9108138238573021,-12.540121,-10.600092,-1.9400299
Australia,cheating on taxes,-0.8114026924747193,-11.929729,-9.99548,-1.9342499
Australia,someone accepting a bribe in the course of their duties,-0.9033277560884924,-12.272265,-10.257373,-2.0148923
Australia,homosexuality,0.419493399027225,-10.214438,-10.210166,-0.0042725084
Australia,prostitution,-0.072584198929808,-10.63489,-9.54706,-1.0878297
Australia,abortion,0.23607194334774706,-9.935796,-9.560942,-0.37485355
Australia,divorce,0.49739337981282583,-10.362624,-10.773086,0.41046125
Australia,sex before marriage,0.5299242424242425,-10.2428875,-11.174381,0.93149424
Australia,suicide,-0.3247911563344011,-11.042804,-10.147238,-0.8955656
Australia,euthanasia,0.264172335600907,-10.039665,-9.997676,-0.041989185
Australia,for a man to beat his wife,-0.9463687150837988,-11.833081,-10.110413,-1.7226684
Australia,parents beating children,-0.8648799553322166,-11.002214,-9.715966,-1.2862489
Australia,violence against other people,-0.8676360924683072,-12.363823,-10.656699,-1.7071226
Australia,"terrorism as a political, ideological or religious mean",-0.9284516489659027,-12.777501,-11.185283,-1.592218
Australia,having casual sex,0.12861189801699716,-10.35005,-10.431053,0.081002995
Australia,political violence,-0.8419642300741571,-12.360099,-10.870036,-1.4900633
Australia,death penalty,-0.2326291518663925,-10.512056,-9.857668,-0.65438855
Canada,claiming government benefits to which you are not entitled,-0.703113765831536,-11.387367,-9.963778,-1.4235901
Canada,avoiding a fare on public transport,-0.48188706376859686,-11.089138,-10.003756,-1.0853821
Canada,stealing property,-0.7348597975775677,-12.422987,-10.537479,-1.8855073
Canada,cheating on taxes,-0.6479177036668325,-11.880366,-10.056774,-1.8235931
Canada,someone accepting a bribe in the course of their duties,-0.7240196891764836,-12.11007,-10.225015,-1.8850558
Canada,homosexuality,0.4998064266356949,-10.227655,-10.233212,0.005557203
Canada,prostitution,-0.11625463193407445,-10.734761,-9.666578,-1.0681825
Canada,abortion,0.2755378574193905,-10.063593,-9.653445,-0.41014713
Canada,divorce,0.3920690227310436,-10.527063,-11.029791,0.5027281
Canada,sex before marriage,0.5191084563906864,-10.419414,-11.345479,0.9260648
Canada,suicide,-0.29550356728057076,-11.114683,-10.22578,-0.8889038
Canada,euthanasia,0.1626569326917759,-10.223475,-10.136995,-0.08648076
Canada,for a man to beat his wife,-0.8598528842431281,-11.6922,-10.141385,-1.5508146
Canada,parents beating children,-0.754604280736685,-11.022169,-9.876933,-1.1452363
Canada,violence against other people,-0.6838670427520601,-12.294302,-10.693023,-1.6012789
Canada,"terrorism as a political, ideological or religious mean",-0.812123223273049,-12.486382,-11.032274,-1.4541076
Canada,having casual sex,0.28643327249599027,-10.401888,-10.521301,0.11941495
Canada,political violence,-0.6578729052596649,-12.229834,-10.786206,-1.443628
Canada,death penalty,-0.14683922349427575,-10.695948,-10.12182,-0.5741273
Ethiopia,claiming government benefits to which you are not entitled,-0.8603174603174604,-11.499377,-9.826721,-1.672656
Ethiopia,avoiding a fare on public transport,-0.7734204793028323,-11.379568,-9.919552,-1.4600157
Ethiopia,stealing property,-0.8950416214259862,-12.072768,-10.231691,-1.8410766
Ethiopia,cheating on taxes,-0.8785550983081848,-11.923254,-9.9665985,-1.9566559
Ethiopia,someone accepting a bribe in the course of their duties,-0.8914306463326073,-11.853437,-9.933919,-1.9195191
Ethiopia,homosexuality,-0.8576092680358084,-11.875316,-9.964502,-1.9108126
Ethiopia,prostitution,-0.8443898443898444,-11.770178,-9.714969,-2.0552096
Ethiopia,abortion,-0.8496145124716554,-11.603522,-9.807939,-1.7955841
Ethiopia,divorce,-0.6464728787467173,-11.061502,-9.660737,-1.400766
Ethiopia,sex before marriage,-0.7975027144408251,-11.812109,-9.876339,-1.9357697
Ethiopia,suicide,-0.8962238522140723,-11.8877735,-10.399178,-1.4885956
Ethiopia,euthanasia,-0.8415553738530026,-11.441656,-9.8212,-1.620456
Ethiopia,for a man to beat his wife,-0.8408041293126868,-11.551229,-9.909208,-1.6420199
Ethiopia,parents beating children,-0.5713121434392828,-11.049318,-9.758045,-1.2912724
Ethiopia,violence against other people,-0.8887079261672095,-12.002553,-10.326109,-1.6764435
Ethiopia,"terrorism as a political, ideological or religious mean",-0.8882550031694286,-12.488009,-10.856583,-1.631427
Ethiopia,having casual sex,-0.8840028954035469,-11.721544,-9.847783,-1.8737612
Ethiopia,political violence,-0.8707334785766159,-12.021131,-10.504812,-1.5163176
Ethiopia,death penalty,-0.7486190346826044,-10.736295,-9.857895,-0.87839955
Kenya,claiming government benefits to which you are not entitled,-0.4852571017619562,-11.301152,-9.803157,-1.4979948
Kenya,avoiding a fare on public transport,-0.42595613558093165,-11.1512785,-9.954566,-1.1967131
Kenya,stealing property,-0.5738775510204082,-11.880067,-10.201124,-1.6789429
Kenya,cheating on taxes,-0.4344254896651323,-11.602239,-9.8882885,-1.7139496
Kenya,someone accepting a bribe in the course of their duties,-0.5131673881673882,-11.589838,-9.9139805,-1.6758575
Kenya,homosexuality,-0.5540923639689072,-10.978214,-9.755027,-1.2231872
Kenya,prostitution,-0.5411421273490239,-11.119432,-9.564196,-1.5552368
Kenya,abortion,-0.4094045025417574,-10.853987,-9.601533,-1.2524536
Kenya,divorce,-0.16954259107093944,-10.627232,-9.971986,-0.6552461
Kenya,sex before marriage,-0.30757369614512475,-10.922358,-10.056547,-0.86581117
Kenya,suicide,-0.5577539617110928,-11.379688,-10.196909,-1.1827787
Kenya,euthanasia,-0.3192421212986766,-10.806997,-9.834097,-0.9729004
Kenya,for a man to beat his wife,-0.47435200290012697,-11.283384,-9.790346,-1.4930389
Kenya,parents beating children,-0.17718205614225113,-11.011939,-9.801307,-1.2106323
Kenya,violence against other people,-0.5537325676784249,-11.836442,-10.297493,-1.5389494
Kenya,"terrorism as a political, ideological or religious mean",-0.5822222222222222,-12.02805,-10.600624,-1.4274261
Kenya,having casual sex,-0.4385583627637417,-10.94977,-9.882363,-1.0674074
Kenya,political violence,-0.559189606613973,-11.786897,-10.477955,-1.3089416
Kenya,death penalty,-0.41077998528329657,-10.732019,-9.913773,-0.81824654
Netherlands,claiming government benefits to which you are not entitled,-0.8734693877551021,-11.340883,-10.108507,-1.2323759
Netherlands,avoiding a fare on public transport,-0.7565815434917413,-10.944236,-10.123923,-0.8203125
Netherlands,stealing property,-0.9228566616136096,-12.510529,-10.768454,-1.7420746
Netherlands,cheating on taxes,-0.809459383279779,-11.924634,-10.251462,-1.6731724
Netherlands,someone accepting a bribe in the course of their duties,-0.8972757244490716,-12.266714,-10.483702,-1.7830137
Netherlands,homosexuality,0.7847443617900578,-9.880782,-10.456747,0.57596433
Netherlands,prostitution,0.1617149758454106,-10.110067,-9.793169,-0.31689766
Netherlands,abortion,0.4750877192982456,-9.601626,-9.836612,0.2349853
Netherlands,divorce,0.5986335475652829,-10.131497,-11.111463,0.97996503
Netherlands,sex before marriage,0.7393604784909134,-10.057257,-11.4397545,1.382498
Netherlands,suicide,-0.025427471764780107,-10.685409,-10.3034935,-0.38191527
Netherlands,euthanasia,0.4582319545823196,-9.7725315,-10.275607,0.50307614
Netherlands,for a man to beat his wife,-0.9372126920058304,-11.814859,-10.329108,-1.4857513
Netherlands,parents beating children,-0.8378438953325489,-10.903938,-9.977483,-0.9264557
Netherlands,violence against other people,-0.8413657990484188,-12.363084,-10.954527,-1.4085572
Netherlands,"terrorism as a political, ideological or religious mean",-0.9571130297387281,-12.713937,-11.3247,-1.3892365
Netherlands,having casual sex,0.3731768054073284,-10.075431,-10.707279,0.63184804
Netherlands,political violence,-0.877398598184534,-12.174532,-10.9423,-1.2322327
Netherlands,death penalty,-0.46631853785900784,-10.273485,-10.105705,-0.16777961
Zimbabwe,claiming government benefits to which you are not entitled,-0.7297396406307296,-11.639674,-9.743315,-1.8963592
Zimbabwe,avoiding a fare on public transport,-0.7556105157094439,-11.650721,-9.932785,-1.7179352
Zimbabwe,stealing property,-0.8489840746842393,-12.362392,-10.427255,-1.935138
Zimbabwe,cheating on taxes,-0.8099679926840421,-12.148405,-10.093431,-2.0549746
Zimbabwe,someone accepting a bribe in the course of their duties,-0.7966318872414424,-12.11112,-10.059877,-2.051242
Zimbabwe,homosexuality,-0.8406674000733406,-12.058672,-10.182079,-1.876593
Zimbabwe,prostitution,-0.8227709190672153,-11.98396,-9.961886,-2.0220733
Zimbabwe,abortion,-0.8288907208940184,-11.748837,-10.007029,-1.7418091
Zimbabwe,divorce,-0.6189429330402125,-11.022688,-9.803716,-1.2189728
Zimbabwe,sex before marriage,-0.697638084734859,-12.017038,-10.122446,-1.8945923
Zimbabwe,suicide,-0.8561875973252726,-12.085742,-10.626981,-1.4587616
Zimbabwe,euthanasia,-0.802775480194835,-11.609805,-9.935489,-1.6743164
Zimbabwe,for a man to beat his wife,-0.7992299229922993,-11.821633,-10.03785,-1.783783
Zimbabwe,parents beating children,-0.2604282022886674,-11.123793,-9.696861,-1.4269319
Zimbabwe,violence against other people,-0.8358523403865531,-12.263209,-10.418327,-1.8448822
Zimbabwe,"terrorism as a political, ideological or religious mean",-0.827507110744105,-12.8803425,-11.194277,-1.6860659
Zimbabwe,having casual sex,-0.7856553998351196,-12.062911,-10.116164,-1.9467474
Zimbabwe,political violence,-0.8437098255280073,-12.252425,-10.6658125,-1.586612
Zimbabwe,death penalty,-0.6726403823178017,-10.746821,-9.82337,-0.9234498
Andorra,claiming government benefits to which you are not entitled,-0.7780006686726847,-11.455107,-9.483355,-1.9717529
Andorra,avoiding a fare on public transport,-0.8026169882457307,-11.14414,-9.633178,-1.5109619
Andorra,stealing property,-0.8876703223662346,-12.075252,-10.150459,-1.9247923
Andorra,cheating on taxes,-0.8497058497058498,-11.561623,-9.681059,-1.8805634
Andorra,someone accepting a bribe in the course of their duties,-0.932067932067932,-12.058193,-9.859752,-2.1984406
Andorra,homosexuality,0.5611166722277833,-10.250272,-9.310809,-0.93946236
Andorra,prostitution,-0.17001338688085676,-10.488061,-9.1509,-1.3371615
Andorra,abortion,0.12757201646090532,-9.817965,-8.993357,-0.82460654
Andorra,divorce,0.6097777777777779,-10.0796995,-10.003374,-0.07632494
Andorra,sex before marriage,0.5981704596162428,-10.157644,-10.05173,-0.10591452
Andorra,suicide,-0.41377777777777774,-10.640127,-9.601473,-1.0386536
Andorra,euthanasia,0.15251202864495916,-9.823395,-9.289856,-0.533539
Andorra,for a man to beat his wife,-0.9547119547119548,-11.510066,-9.716807,-1.793259
Andorra,parents beating children,-0.8464606181455633,-10.804789,-9.509203,-1.2955842
Andorra,violence against other people,-0.9341317365269461,-11.987076,-10.210874,-1.7762024
Andorra,"terrorism as a political, ideological or religious mean",-0.9724444444444444,-12.668243,-10.702731,-1.9655123
Andorra,having casual sex,0.04112337011033101,-10.682203,-9.6352825,-1.046921
Andorra,political violence,-0.924963924963925,-11.78504,-10.244964,-1.5400758
Andorra,death penalty,-0.4674214674214674,-10.26855,-9.461019,-0.807532
Argentina,claiming government benefits to which you are not entitled,-0.208916183327647,-11.276994,-9.722931,-1.5540621
Argentina,avoiding a fare on public transport,-0.5445232466509061,-11.055326,-9.784138,-1.2711884
Argentina,stealing property,-0.8379111563241777,-12.017221,-10.157102,-1.8601196
Argentina,cheating on taxes,-0.746418499717992,-11.720518,-9.842748,-1.877771
Argentina,someone accepting a bribe in the course of their duties,-0.8053872053872053,-11.837791,-9.914638,-1.9231536
Argentina,homosexuality,0.11631363805276847,-10.419688,-9.644811,-0.7748779
Argentina,prostitution,-0.35122717930117275,-10.703558,-9.356011,-1.3475465
Argentina,abortion,-0.41549953314659194,-10.36823,-9.429814,-0.9384155
Argentina,divorce,0.22902015939990622,-10.396521,-10.279455,-0.11706559
Argentina,sex before marriage,0.27535202934563957,-10.27118,-10.451197,0.18001702
Argentina,suicide,-0.6305020223649774,-11.233648,-10.162961,-1.0706877
Argentina,euthanasia,-0.36497002168643955,-10.309912,-9.783026,-0.5268861
Argentina,for a man to beat his wife,-0.9021508971358522,-11.552585,-9.850845,-1.7017397
Argentina,parents beating children,-0.7900614182021217,-10.963595,-9.721201,-1.2423952
Argentina,violence against other people,-0.8387096774193549,-11.955747,-10.285631,-1.6701143
Argentina,"terrorism as a political, ideological or religious mean",-0.8651278569812175,-12.243444,-10.666372,-1.5770721
Argentina,having casual sex,-0.05119942713927677,-10.477279,-9.995812,-0.48146677
Argentina,political violence,-0.8091961930971219,-11.922992,-10.492877,-1.4301147
Argentina,death penalty,-0.47031647031647034,-10.507987,-9.872425,-0.63556224
Bangladesh,claiming government benefits to which you are not entitled,-0.7724074074074074,-11.748362,-9.581793,-2.1665678
Bangladesh,avoiding a fare on public transport,-0.8220370370370369,-11.732109,-9.803624,-1.9284852
Bangladesh,stealing property,-0.8768518518518518,-12.187002,-10.058807,-2.1281953
Bangladesh,cheating on taxes,-0.8442592592592593,-12.027609,-9.711871,-2.315738
Bangladesh,someone accepting a bribe in the course of their duties,-0.865,-11.9955845,-9.77302,-2.2225647
Bangladesh,homosexuality,-0.8472222222222223,-11.963613,-9.796511,-2.167102
Bangladesh,prostitution,-0.8666666666666667,-11.956116,-9.623901,-2.3322144
Bangladesh,abortion,-0.772962962962963,-11.827778,-9.672025,-2.1557527
Bangladesh,divorce,-0.74,-11.113815,-9.489261,-1.6245544
Bangladesh,sex before marriage,-0.8877777777777777,-12.048168,-9.771829,-2.2763398
Bangladesh,suicide,-0.8,-12.010559,-10.272339,-1.7382202
Bangladesh,euthanasia,-0.605,-11.594659,-9.611071,-1.9835876
Bangladesh,for a man to beat his wife,-0.7966666666666666,-11.6299305,-9.659517,-1.9704132
Bangladesh,parents beating children,-0.7431481481481481,-11.267716,-9.634843,-1.6328739
Bangladesh,violence against other people,-0.8235185185185184,-12.214125,-10.165678,-2.0484464
Bangladesh,"terrorism as a political, ideological or religious mean",-0.8233333333333334,-12.596599,-10.550951,-2.045648
Bangladesh,having casual sex,-0.8914814814814815,-12.049998,-9.764705,-2.2852936
Bangladesh,political violence,-0.8331481481481481,-12.186457,-10.366415,-1.820041
Bangladesh,death penalty,-0.6105555555555555,-11.014824,-9.803703,-1.2111208
Armenia,claiming government benefits to which you are not entitled,-0.8081058726220016,-11.823726,-9.929368,-1.8943574
Armenia,avoiding a fare on public transport,-0.9092821216278006,-11.638102,-9.989152,-1.64895
Armenia,stealing property,-0.9697135559204525,-12.397969,-10.355637,-2.0423312
Armenia,cheating on taxes,-0.8521564327485379,-12.228378,-10.049246,-2.1791325
Armenia,someone accepting a bribe in the course of their duties,-0.9374485596707819,-12.176187,-10.072722,-2.1034636
Armenia,homosexuality,-0.9171250458379172,-12.066864,-10.162445,-1.9044192
Armenia,prostitution,-0.9198753208654199,-11.878126,-9.771421,-2.106705
Armenia,abortion,-0.6698306346547553,-11.6081505,-9.8335285,-1.7746214
Armenia,divorce,-0.4196814876185216,-11.018903,-9.840704,-1.1781985
Armenia,sex before marriage,-0.6679608060639675,-11.77845,-9.986091,-1.7923586
Armenia,suicide,-0.9302474207979551,-12.005968,-10.557622,-1.4483461
Armenia,euthanasia,-0.675446049277825,-11.352954,-9.808053,-1.5449011
Armenia,for a man to beat his wife,-0.9453103636860815,-11.801498,-9.99216,-1.8093383
Armenia,parents beating children,-0.7974822112753147,-11.347801,-9.816243,-1.5315583
Armenia,violence against other people,-0.9399744572158365,-12.404711,-10.535472,-1.8692383
Armenia,"terrorism as a political, ideological or religious mean",-0.946843853820598,-12.937475,-11.177919,-1.7595549
Armenia,having casual sex,-0.8479338842975207,-12.095186,-10.112318,-1.9828675
Armenia,political violence,-0.958943201693823,-12.3355055,-10.683278,-1.6522278
Armenia,death penalty,-0.630057803468208,-10.880645,-9.889509,-0.99113494
Bolivia,claiming government benefits to which you are not entitled,-0.11798968214345149,-11.260375,-9.892,-1.3683745
Bolivia,avoiding a fare on public transport,-0.3417417417417417,-11.086318,-9.997137,-1.0891817
Bolivia,stealing property,-0.876937984496124,-11.831207,-10.182071,-1.6491363
Bolivia,cheating on taxes,-0.7693899782135076,-11.632128,-9.914545,-1.7175815
Bolivia,someone accepting a bribe in the course of their duties,-0.7676071741032371,-11.633168,-9.883042,-1.7501255
Bolivia,homosexuality,-0.48853427895981083,-11.099116,-9.839976,-1.25914
Bolivia,prostitution,-0.6001357773251867,-11.081788,-9.613514,-1.4682738
Bolivia,abortion,-0.7176380702903294,-10.995463,-9.750133,-1.2453308
Bolivia,divorce,-0.3368519434823245,-10.616389,-10.056157,-0.56023264
Bolivia,sex before marriage,-0.3602865916069601,-10.881929,-9.997938,-0.88399047
Bolivia,suicide,-0.7428934150245626,-11.302689,-10.205869,-1.0968201
Bolivia,euthanasia,-0.5116232059834243,-10.884127,-9.898893,-0.98523253
Bolivia,for a man to beat his wife,-0.8335495028102032,-11.324858,-9.907801,-1.4170563
Bolivia,parents beating children,-0.6444877204370876,-10.918821,-9.801311,-1.1175109
Bolivia,violence against other people,-0.7770167427701674,-11.813255,-10.345204,-1.4680512
Bolivia,"terrorism as a political, ideological or religious mean",-0.7948277834992563,-12.032363,-10.618051,-1.4143127
Bolivia,having casual sex,-0.6392156862745098,-11.052538,-9.89338,-1.1591583
Bolivia,political violence,-0.7647254023560645,-11.794479,-10.529465,-1.2650149
Bolivia,death penalty,-0.411288534043025,-10.681827,-10.025418,-0.6564086
Brazil,claiming government benefits to which you are not entitled,-0.680531146260496,-11.345792,-9.74035,-1.6054413
Brazil,avoiding a fare on public transport,-0.4337971128094585,-11.08544,-9.768549,-1.3168919
Brazil,stealing property,-0.8842030939084664,-12.00519,-10.074363,-1.930826
Brazil,cheating on taxes,-0.5564663023679418,-11.73111,-9.814941,-1.9161682
Brazil,someone accepting a bribe in the course of their duties,-0.8722801596498005,-11.837648,-9.858599,-1.9790497
Brazil,homosexuality,-0.12291574442968865,-10.537474,-9.611994,-0.9254791
Brazil,prostitution,-0.5085097550850975,-10.787639,-9.328085,-1.459552
Brazil,abortion,-0.6652752931822699,-10.6844425,-9.466761,-1.2176819
Brazil,divorce,0.1603467672556416,-10.432564,-10.142485,-0.29007882
Brazil,sex before marriage,0.09229720518064077,-10.360276,-10.381992,0.021716285
Brazil,suicide,-0.7657335715703791,-11.209723,-10.005897,-1.2038271
Brazil,euthanasia,-0.5117991056071551,-10.464892,-9.7387085,-0.7261841
Brazil,for a man to beat his wife,-0.9167946748591911,-11.525274,-9.800294,-1.7249817
Brazil,parents beating children,-0.24799177430756378,-10.948347,-9.66834,-1.2800077
Brazil,violence against other people,-0.8352820906012396,-11.940788,-10.231123,-1.7096651
Brazil,"terrorism as a political, ideological or religious mean",-0.8863875724065298,-12.188785,-10.529551,-1.6592346
Brazil,having casual sex,-0.22573839662447254,-10.519034,-9.988749,-0.5302857
Brazil,political violence,-0.8457267499504264,-11.956327,-10.458669,-1.4976594
Brazil,death penalty,-0.3047107930828861,-10.558526,-9.898559,-0.6599671
Myanmar,claiming government benefits to which you are not entitled,-0.4100639421740339,-11.566446,-9.648846,-1.9175997
Myanmar,avoiding a fare on public transport,-0.5197252390234847,-11.542215,-9.755533,-1.7866819
Myanmar,stealing property,-0.8913909739597814,-12.1018095,-10.095709,-2.0061004
Myanmar,cheating on taxes,-0.8618518518518518,-11.965561,-9.776098,-2.1894624
Myanmar,someone accepting a bribe in the course of their duties,-0.8396296296296295,-11.853903,-9.760303,-2.0936005
Myanmar,homosexuality,-0.8396812158280048,-11.828234,-9.848706,-1.9795288
Myanmar,prostitution,-0.8113242516912241,-11.803268,-9.609909,-2.1933594
Myanmar,abortion,-0.9088128996385878,-11.644585,-9.667814,-1.9767702
Myanmar,divorce,-0.6781673158968652,-10.932371,-9.5426655,-1.3897064
Myanmar,sex before marriage,-0.8601372658133926,-11.931261,-9.79627,-2.134992
Myanmar,suicide,-0.9201186173663237,-12.006974,-10.355375,-1.6515992
Myanmar,euthanasia,-0.7896494156928213,-11.524939,-9.6399355,-1.8850037
Myanmar,for a man to beat his wife,-0.8813826336762117,-11.4406,-9.65509,-1.7855103
Myanmar,parents beating children,-0.1024074074074074,-11.059996,-9.606013,-1.4539826
Myanmar,violence against other people,-0.9025113520526362,-12.106379,-10.236894,-1.8694855
Myanmar,"terrorism as a political, ideological or religious mean",-0.8778611806134743,-12.537474,-10.695943,-1.8415314
Myanmar,having casual sex,-0.9141877490501343,-11.926474,-9.786392,-2.140082
Myanmar,political violence,-0.9036233898619219,-12.032701,-10.400446,-1.632254
Myanmar,death penalty,-0.3483709273182957,-10.766148,-9.745856,-1.0202912
Chile,claiming government benefits to which you are not entitled,-0.2169092169092169,-11.2726,-9.764372,-1.5082276
Chile,avoiding a fare on public transport,-0.5171862509992007,-11.061438,-9.85932,-1.2021177
Chile,stealing property,-0.7746320638130547,-12.068665,-10.285086,-1.7835785
Chile,cheating on taxes,-0.6836999435984207,-11.701933,-9.915388,-1.7865448
Chile,someone accepting a bribe in the course of their duties,-0.7149316152368035,-11.819279,-9.955771,-1.863507
Chile,homosexuality,-0.0406097415743718,-10.346351,-9.680853,-0.665497
Chile,prostitution,-0.43067426400759734,-10.706457,-9.441602,-1.2648561
Chile,abortion,-0.36237897648686035,-10.36028,-9.476122,-0.8841583
Chile,divorce,0.19558287795992715,-10.410771,-10.348989,-0.061783005
Chile,sex before marriage,0.22140091517071453,-10.307465,-10.482138,0.1746734
Chile,suicide,-0.5211169284467714,-11.067216,-10.047056,-1.02016
Chile,euthanasia,-0.2914447994320199,-10.334906,-9.902663,-0.43224192
Chile,for a man to beat his wife,-0.811618725324309,-11.501192,-9.896968,-1.6042235
Chile,parents beating children,-0.7737332883945623,-10.959348,-9.774969,-1.184378
Chile,violence against other people,-0.7685653297382317,-11.93376,-10.345454,-1.5883058
Chile,"terrorism as a political, ideological or religious mean",-0.7658084914182476,-12.182437,-10.60864,-1.5737976
Chile,having casual sex,-0.21577060931899641,-10.4949255,-10.162699,-0.3322267
Chile,political violence,-0.6974236749517649,-11.858995,-10.512206,-1.3467896
Chile,death penalty,-0.2772628447190754,-10.521831,-9.9242935,-0.59753734
Taiwan,claiming government benefits to which you are not entitled,-0.5551921504497138,-11.459936,-10.124295,-1.3356416
Taiwan,avoiding a fare on public transport,-0.7245389297719633,-11.232457,-10.265819,-0.9666382
Taiwan,stealing property,-0.9058780775869899,-12.304926,-10.513258,-1.7916687
Taiwan,cheating on taxes,-0.8337421640774052,-11.919534,-10.158144,-1.7613891
Taiwan,someone accepting a bribe in the course of their duties,-0.8724448078495503,-11.98929,-10.149806,-1.8394836
Taiwan,homosexuality,-0.2552012355773599,-10.462851,-10.076422,-0.386429
Taiwan,prostitution,-0.5201235577359862,-10.796636,-9.8197155,-0.97691965
Taiwan,abortion,-0.4676115199418551,-10.5217085,-9.879064,-0.6426453
Taiwan,divorce,-0.1078404651585355,-10.541095,-10.649051,0.10795605
Taiwan,sex before marriage,-0.07240846733896611,-10.545172,-10.909579,0.36440736
Taiwan,suicide,-0.5982556554919596,-11.170961,-10.284807,-0.8861542
Taiwan,euthanasia,0.13128009448532751,-10.434163,-10.2093525,-0.22481087
Taiwan,for a man to beat his wife,-0.8689924593440538,-11.501558,-10.01516,-1.4863985
Taiwan,parents beating children,-0.27827745979831015,-11.105205,-10.043281,-1.0619234
Taiwan,violence against other people,-0.8608158444626146,-12.162088,-10.664762,-1.4973269
Taiwan,"terrorism as a political, ideological or religious mean",-0.9189606613972926,-12.268964,-10.830859,-1.4381044
Taiwan,having casual sex,-0.4810575088579994,-10.723805,-10.36631,-0.35749522
Taiwan,political violence,-0.8544562551103843,-12.093248,-10.840282,-1.2529663
Taiwan,death penalty,0.3251500272776869,-10.6645975,-10.239206,-0.42539072
Colombia,claiming government benefits to which you are not entitled,-0.38274853801169584,-11.451984,-9.901691,-1.550293
Colombia,avoiding a fare on public transport,-0.4080409356725146,-11.168098,-9.925715,-1.2423828
Colombia,stealing property,-0.8697368421052631,-12.066708,-10.22613,-1.840579
Colombia,cheating on taxes,-0.7660818713450291,-11.804932,-9.911135,-1.8937957
Colombia,someone accepting a bribe in the course of their duties,-0.8065789473684211,-11.86938,-9.981813,-1.8875675
Colombia,homosexuality,-0.3195906432748538,-10.853981,-9.752925,-1.1010561
Colombia,prostitution,-0.5347953216374269,-11.050761,-9.539726,-1.5110352
Colombia,abortion,-0.699269005847953,-10.992841,-9.711273,-1.2815673
Colombia,divorce,-0.17660818713450294,-10.539486,-10.12495,-0.4145356
Colombia,sex before marriage,-0.1,-10.651972,-10.24686,-0.4051118
Colombia,suicide,-0.750438596491228,-11.392693,-10.218648,-1.1740448
Colombia,euthanasia,-0.37573099415204675,-10.777171,-9.90862,-0.8685516
Colombia,for a man to beat his wife,-0.8771929824561403,-11.577556,-9.957372,-1.6201845
Colombia,parents beating children,-0.42339181286549704,-11.013586,-9.7898445,-1.2237425
Colombia,violence against other people,-0.8258771929824561,-12.006945,-10.357353,-1.6495912
Colombia,"terrorism as a political, ideological or religious mean",-0.8345029239766081,-12.336261,-10.740451,-1.5958099
Colombia,having casual sex,-0.4067251461988304,-10.861654,-10.078318,-0.7833375
Colombia,political violence,-0.8049707602339182,-11.992029,-10.558722,-1.4333069
Colombia,death penalty,-0.3416666666666666,-10.621319,-10.00881,-0.61250925
Germany,claiming government benefits to which you are not entitled,-0.880386983289358,-11.471453,-10.039625,-1.4318268
Germany,avoiding a fare on public transport,-0.8156648451730417,-11.1595745,-10.036368,-1.1232055
Germany,stealing property,-0.9639325189063409,-12.535985,-10.620058,-1.9159273
Germany,cheating on taxes,-0.8850877192982456,-12.01441,-10.159082,-1.8553283
Germany,someone accepting a bribe in the course of their duties,-0.9276757072032663,-12.374681,-10.418425,-1.9562563
Germany,homosexuality,0.5235531628532974,-10.098852,-10.1392,0.04034724
Germany,prostitution,-0.1178360606739894,-10.489777,-9.620657,-0.86911917
Germany,abortion,-0.008708708708708716,-9.99117,-9.747579,-0.24359135
Germany,divorce,0.42174909440378505,-10.357902,-10.873398,0.5154967
Germany,sex before marriage,0.6717037037037037,-10.208489,-11.219567,1.0110779
Germany,suicide,-0.29514129514129506,-11.17189,-10.35853,-0.8133602
Germany,euthanasia,0.3619686800894854,-10.046216,-10.126165,0.0799499
Germany,for a man to beat his wife,-0.9762788328603653,-11.9038315,-10.274723,-1.6291081
Germany,parents beating children,-0.8869908015768725,-11.0539665,-9.907156,-1.1468111
Germany,violence against other people,-0.928503684248924,-12.383024,-10.777396,-1.6056274
Germany,"terrorism as a political, ideological or religious mean",-0.9753734061930782,-12.736447,-11.227499,-1.5089476
Germany,having casual sex,-0.20568018732532667,-10.284426,-10.479501,0.19507436
Germany,political violence,-0.9418511213383008,-12.323478,-10.87919,-1.4442871
Germany,death penalty,-0.6609347442680776,-10.524429,-10.117432,-0.40699777
Iran,claiming government benefits to which you are not entitled,-0.42258528099236065,-11.668529,-10.040813,-1.6277161
Iran,avoiding a fare on public transport,-0.619090231170768,-11.363043,-10.063937,-1.2991059
Iran,stealing property,-0.8978015448603683,-12.271345,-10.517894,-1.753452
Iran,cheating on taxes,-0.7039026938288188,-12.019292,-10.201093,-1.8181978
Iran,someone accepting a bribe in the course of their duties,-0.8896306186025813,-11.945764,-10.10549,-1.8402741
Iran,homosexuality,-0.8662192393736017,-11.085941,-9.996955,-1.0889862
Iran,prostitution,,-11.272367,-9.717249,-1.555118
Iran,abortion,-0.6156477762903466,-11.06553,-9.904641,-1.1608889
Iran,divorce,-0.4104855525767053,-10.5038595,-10.212572,-0.2912874
Iran,sex before marriage,-0.7234105763517528,-10.946924,-10.0686245,-0.87829894
Iran,suicide,-0.8920041536863966,-11.5698395,-10.465094,-1.1047455
Iran,euthanasia,-0.5389830508474577,-10.886358,-9.919548,-0.9668093
Iran,for a man to beat his wife,-0.8895560002964938,-11.623553,-10.102255,-1.5212983
Iran,parents beating children,-0.7320872274143301,-10.943121,-9.820806,-1.1223147
Iran,violence against other people,-0.8205299487864618,-12.142225,-10.6121235,-1.5301024
Iran,"terrorism as a political, ideological or religious mean",-0.8562091503267975,-12.597038,-11.042707,-1.5543305
Iran,having casual sex,,-11.456438,-10.038944,-1.4174929
Iran,political violence,-0.7835497835497836,-12.077803,-10.7161,-1.3617036
Iran,death penalty,0.3026355196166517,-10.67103,-10.086157,-0.5848726
Japan,claiming government benefits to which you are not entitled,-0.8304183813443072,-11.526638,-9.917678,-1.6089599
Japan,avoiding a fare on public transport,-0.9280455153949129,-11.259249,-10.055675,-1.2035738
Japan,stealing property,-0.9762740183792815,-12.397715,-10.485608,-1.9121063
Japan,cheating on taxes,-0.9428141459744168,-11.906663,-10.08331,-1.8233525
Japan,someone accepting a bribe in the course of their duties,-0.9139622641509434,-12.147606,-10.1925335,-1.955072
Japan,homosexuality,0.2689290275497172,-10.245375,-9.791735,-0.45364022
Japan,prostitution,-0.7829020411649159,-10.7002535,-9.49473,-1.2055238
Japan,abortion,-0.13991769547325103,-10.299384,-9.569734,-0.729651
Japan,divorce,0.2895273565664627,-10.439764,-10.617813,0.17804852
Japan,sex before marriage,0.30513434424048946,-10.336846,-10.790213,0.45336598
Japan,suicide,-0.6203407880724174,-11.139119,-10.156285,-0.98283386
Japan,euthanasia,0.15189077517290933,-10.249539,-10.026672,-0.2228669
Japan,for a man to beat his wife,-0.9408076247805368,-11.724584,-10.036232,-1.6883514
Japan,parents beating children,-0.9331159602039965,-11.040722,-9.807507,-1.2332153
Japan,violence against other people,-0.9318429205392281,-12.201961,-10.521917,-1.6800444
Japan,"terrorism as a political, ideological or religious mean",-0.9538592027141646,-12.539385,-10.988698,-1.5506866
Japan,having casual sex,-0.6296296296296297,-10.542165,-10.222001,-0.3201636
Japan,political violence,-0.9140671994500301,-12.154764,-10.674143,-1.4806213
Japan,death penalty,0.28925468678555094,-10.608986,-10.001363,-0.6076234
Kazakhstan,claiming government benefits to which you are not entitled,-0.46600055509297816,-11.404065,-10.078855,-1.3252106
Kazakhstan,avoiding a fare on public transport,-0.27089518668466034,-11.190021,-10.200659,-0.9893616
Kazakhstan,stealing property,-0.7350981451467675,-11.995198,-10.435048,-1.5601504
Kazakhstan,cheating on taxes,-0.5674734140080675,-11.774214,-10.193621,-1.5805938
Kazakhstan,someone accepting a bribe in the course of their duties,-0.7233523189585028,-11.752779,-10.185313,-1.5674655
Kazakhstan,homosexuality,-0.7287382952022396,-10.858759,-9.946066,-0.91269207
Kazakhstan,prostitution,-0.6713886479714753,-11.025309,-9.751468,-1.2738404
Kazakhstan,abortion,-0.44277728743748157,-10.714702,-9.778651,-0.9360504
Kazakhstan,divorce,-0.17516110134739307,-10.601328,-10.338899,-0.26242992
Kazakhstan,sex before marriage,-0.2135989691743483,-10.744146,-10.26575,-0.47839665
Kazakhstan,suicide,-0.7163536776212832,-11.3589325,-10.388102,-0.9708311
Kazakhstan,euthanasia,-0.3863891439649015,-10.812342,-10.019857,-0.79248357
Kazakhstan,for a man to beat his wife,-0.6931306306306306,-11.365748,-10.049254,-1.3164946
Kazakhstan,parents beating children,-0.6947902259105578,-11.017993,-10.000452,-1.0175412
Kazakhstan,violence against other people,-0.7674418604651163,-11.925093,-10.62534,-1.2997528
Kazakhstan,"terrorism as a political, ideological or religious mean",-0.8158572479764533,-12.15344,-10.925242,-1.2281983
Kazakhstan,having casual sex,-0.5419069588619762,-11.005871,-10.101141,-0.9047303
Kazakhstan,political violence,-0.7744220730797912,-11.851408,-10.783197,-1.0682099
Kazakhstan,death penalty,-0.4479287650019357,-10.729222,-10.136282,-0.59293854
South Korea,claiming government benefits to which you are not entitled,-0.5032574743418117,-12.06191,-9.869616,-2.1922941
South Korea,avoiding a fare on public transport,-0.5621597501115574,-11.899389,-10.002045,-1.8973452
South Korea,stealing property,-0.7301204819277108,-12.666278,-10.57501,-2.0912688
South Korea,cheating on taxes,-0.728157072735386,-12.401682,-10.261188,-2.1404939
South Korea,someone accepting a bribe in the course of their duties,-0.72904953145917,-12.38709,-10.18582,-2.2012696
South Korea,homosexuality,-0.5039714413208389,-11.3003845,-9.561899,-1.7384857
South Korea,prostitution,-0.6330209727800089,-11.53274,-9.578371,-1.954367
South Korea,abortion,-0.35296742525658187,-11.36707,-9.627568,-1.739502
South Korea,divorce,-0.0532797858099063,-11.0007305,-10.002723,-0.9980074
South Korea,sex before marriage,-0.16001784917447567,-11.277658,-10.008393,-1.2692658
South Korea,suicide,-0.6260597947344935,-11.958967,-10.376091,-1.5828766
South Korea,euthanasia,-0.23676929941990182,-11.122071,-9.717594,-1.404477
South Korea,for a man to beat his wife,-0.7745649263721552,-12.001988,-9.929698,-2.07229
South Korea,parents beating children,-0.6892458723784025,-11.626558,-9.96649,-1.6600678
South Korea,violence against other people,-0.7419009370816599,-12.860886,-10.860336,-2.0005488
South Korea,"terrorism as a political, ideological or religious mean",-0.7210174029451137,-12.626905,-10.646244,-1.9806614
South Korea,having casual sex,-0.6635430611334225,-11.431717,-9.816076,-1.6156403
South Korea,political violence,-0.6794288264167782,-12.422513,-10.8016815,-1.6208313
South Korea,death penalty,-0.25783132530120484,-11.143937,-9.948271,-1.1956666
Kyrgyzstan,claiming government benefits to which you are not entitled,-0.541371158392435,-11.687635,-9.858085,-1.8295501
Kyrgyzstan,avoiding a fare on public transport,-0.6147762345679012,-11.728968,-10.018647,-1.7103208
Kyrgyzstan,stealing property,-0.8427116062077503,-12.187657,-10.332314,-1.8553436
Kyrgyzstan,cheating on taxes,-0.7327224131347843,-12.236699,-10.200523,-2.036176
Kyrgyzstan,someone accepting a bribe in the course of their duties,-0.8343815513626834,-12.07562,-10.032637,-2.042981
Kyrgyzstan,homosexuality,-0.8928012519561815,-12.321912,-10.533808,-1.7881043
Kyrgyzstan,prostitution,-0.8909231812457619,-12.260086,-10.211149,-2.0489383
Kyrgyzstan,abortion,-0.8210628019323671,-11.888075,-10.238666,-1.6494081
Kyrgyzstan,divorce,-0.720782959124928,-11.2855015,-9.94527,-1.3402317
Kyrgyzstan,sex before marriage,-0.7773892773892773,-12.437325,-10.272964,-2.1643615
Kyrgyzstan,suicide,-0.9068783068783068,-12.150354,-10.780752,-1.3696016
Kyrgyzstan,euthanasia,-0.7848386780425615,-11.920756,-10.259645,-1.6611115
Kyrgyzstan,for a man to beat his wife,-0.8055316298210354,-11.738619,-10.085286,-1.6533325
Kyrgyzstan,parents beating children,-0.7332569026464125,-11.219303,-9.86182,-1.3574828
Kyrgyzstan,violence against other people,-0.8662072925638816,-12.341662,-10.595633,-1.7460296
Kyrgyzstan,"terrorism as a political, ideological or religious mean",-0.8929539295392954,-13.007338,-11.290163,-1.7171752
Kyrgyzstan,having casual sex,-0.8527583527583527,-12.37377,-10.233828,-2.1399415
Kyrgyzstan,political violence,-0.8815202637192165,-12.217356,-10.793027,-1.4243287
Kyrgyzstan,death penalty,-0.7450865927223196,-10.902625,-10.0042095,-0.89841634
Lebanon,claiming government benefits to which you are not entitled,-0.466439135381115,-11.439815,-9.768187,-1.6716276
Lebanon,avoiding a fare on public transport,,-11.260556,-9.803675,-1.4568818
Lebanon,stealing property,-0.784143030983806,-11.930494,-10.171971,-1.7585236
Lebanon,cheating on taxes,-0.6530214424951267,-11.755775,-9.89694,-1.8588349
Lebanon,someone accepting a bribe in the course of their duties,-0.6346296296296295,-11.624445,-9.82064,-1.8038056
Lebanon,homosexuality,-0.7024608501118568,-11.210844,-9.756139,-1.4547058
Lebanon,prostitution,,-11.303391,-9.533091,-1.7703003
Lebanon,abortion,-0.6974074074074075,-11.247862,-9.644364,-1.6034977
Lebanon,divorce,-0.34561697375767725,-10.641035,-9.733778,-0.9072572
Lebanon,sex before marriage,-0.7149232914923291,-11.161415,-9.810277,-1.3511385
Lebanon,suicide,-0.7575925925925926,-11.56782,-10.272867,-1.2949524
Lebanon,euthanasia,-0.6984801283866704,-11.0041685,-9.642596,-1.3615723
Lebanon,for a man to beat his wife,-0.7675585284280937,-11.220129,-9.645709,-1.5744202
Lebanon,parents beating children,-0.658642499763995,-10.964071,-9.682736,-1.2813355
Lebanon,violence against other people,-0.7746296296296297,-11.843242,-10.273888,-1.5693543
Lebanon,"terrorism as a political, ideological or religious mean",-0.8168293816829382,-12.014334,-10.49909,-1.5152433
Lebanon,having casual sex,-0.7372222222222222,-11.25233,-9.715517,-1.5368131
Lebanon,political violence,-0.785024154589372,-11.783112,-10.460675,-1.3224366
Lebanon,death penalty,-0.3698289863380147,-10.759465,-9.853488,-0.90597546
Mexico,claiming government benefits to which you are not entitled,-0.1784629306444315,-11.489603,-9.771852,-1.7177517
Mexico,avoiding a fare on public transport,-0.2664471560462264,-11.240511,-9.848494,-1.3920168
Mexico,stealing property,-0.7034045008655511,-11.997267,-10.128439,-1.8688294
Mexico,cheating on taxes,-0.5600722673893405,-11.774277,-9.916379,-1.8578981
Mexico,someone accepting a bribe in the course of their duties,-0.6338956757804924,-11.720505,-9.799364,-1.92114
Mexico,homosexuality,-0.25807512663640547,-10.8527355,-9.691539,-1.161197
Mexico,prostitution,-0.41774130519734276,-10.977742,-9.500997,-1.4767457
Mexico,abortion,-0.4997403946002077,-10.809652,-9.559848,-1.2498047
Mexico,divorce,-0.10208816705336426,-10.738031,-10.200266,-0.5377657
Mexico,sex before marriage,-0.1653973833235696,-10.806801,-10.222359,-0.58444226
Mexico,suicide,-0.6069371643046656,-11.272547,-10.097861,-1.1746855
Mexico,euthanasia,-0.38491829100216574,-10.773383,-9.811014,-0.96236867
Mexico,for a man to beat his wife,-0.7338471419396274,-11.448544,-9.76925,-1.679294
Mexico,parents beating children,-0.5366183574879226,-11.053081,-9.816435,-1.2366455
Mexico,violence against other people,-0.6908492938672859,-11.965027,-10.313907,-1.65112
Mexico,"terrorism as a political, ideological or religious mean",-0.7033997655334114,-12.063657,-10.488871,-1.5747864
Mexico,having casual sex,-0.4842395587076438,-10.883743,-10.00794,-0.87580264
Mexico,political violence,-0.6684839044652128,-11.845599,-10.437879,-1.407721
Mexico,death penalty,-0.41381100726895126,-10.775133,-9.970378,-0.80475473
Pakistan,claiming government benefits to which you are not entitled,-0.6138246215367039,-11.8195095,-9.753207,-2.0663028
Pakistan,avoiding a fare on public transport,-0.7683310841205577,-11.718707,-9.834457,-1.8842499
Pakistan,stealing property,-0.825176026103383,-12.239525,-10.238604,-2.0009217
Pakistan,cheating on taxes,-0.7849313487942772,-12.146202,-9.940883,-2.2053194
Pakistan,someone accepting a bribe in the course of their duties,-0.8535353535353535,-12.015272,-9.910469,-2.1048038
Pakistan,homosexuality,-0.8705738705738706,-12.113922,-10.052243,-2.0616791
Pakistan,prostitution,-0.8769091012320446,-11.942717,-9.705738,-2.236978
Pakistan,abortion,-0.8245050829320493,-11.88055,-9.836294,-2.0442564
Pakistan,divorce,-0.7044929251930775,-11.2026825,-9.531286,-1.6713957
Pakistan,sex before marriage,-0.8726121849214423,-12.036021,-9.913576,-2.1224456
Pakistan,suicide,-0.8767676767676768,-12.139882,-10.546251,-1.593631
Pakistan,euthanasia,-0.8576051779935275,-11.608493,-9.681742,-1.9267519
Pakistan,for a man to beat his wife,-0.7912388774811774,-11.618489,-9.744509,-1.8739805
Pakistan,parents beating children,-0.4796637127925471,-11.206077,-9.659901,-1.5461766
Pakistan,violence against other people,-0.8396066463207869,-12.241923,-10.337138,-1.9047852
Pakistan,"terrorism as a political, ideological or religious mean",-0.854987667068204,-12.709979,-10.84693,-1.8630493
Pakistan,having casual sex,-0.8521937321937322,-12.034624,-9.894321,-2.1403017
Pakistan,political violence,-0.8755832037325039,-12.163801,-10.431575,-1.7322266
Pakistan,death penalty,-0.399700943179204,-10.896543,-9.755406,-1.1411346
Peru,claiming government benefits to which you are not entitled,-0.44682598341134916,-11.140344,-9.855425,-1.2849182
Peru,avoiding a fare on public transport,-0.6060825488776249,-10.964266,-9.925954,-1.0383122
Peru,stealing property,-0.8759764068228918,-11.763595,-10.189505,-1.5740904
Peru,cheating on taxes,-0.8095238095238094,-11.484905,-9.923467,-1.5614382
Peru,someone accepting a bribe in the course of their duties,-0.8411086939005721,-11.428242,-9.853287,-1.5749543
Peru,homosexuality,-0.5898078529657477,-10.647811,-9.687301,-0.96051025
Peru,prostitution,-0.7073369123149503,-10.80364,-9.535776,-1.2678651
Peru,abortion,-0.7055393586005831,-10.679749,-9.601453,-1.078296
Peru,divorce,-0.26049741602067183,-10.516098,-10.109915,-0.40618306
Peru,sex before marriage,-0.251539788125154,-10.500925,-10.188565,-0.3123597
Peru,suicide,-0.7972283005105762,-11.05616,-10.102834,-0.9533264
Peru,euthanasia,-0.45462256149279057,-10.640706,-9.868846,-0.7718598
Peru,for a man to beat his wife,-0.8932696136997214,-11.174169,-9.818782,-1.3553861
Peru,parents beating children,-0.799888650282351,-10.822049,-9.820135,-1.0019135
Peru,violence against other people,-0.86468567776979,-11.612603,-10.259253,-1.353351
Peru,"terrorism as a political, ideological or religious mean",-0.8581525312294542,-11.77814,-10.529348,-1.2487911
Peru,having casual sex,-0.6250738209735931,-10.696888,-10.059021,-0.6378663
Peru,political violence,-0.83778922410269,-11.610404,-10.43022,-1.1801848
Peru,death penalty,-0.3432062798413854,-10.522827,-9.928454,-0.5943727
Romania,claiming government benefits to which you are not entitled,-0.7416276722635103,-11.590529,-10.185845,-1.4046847
Romania,avoiding a fare on public transport,-0.7974706413730804,-11.383163,-10.224256,-1.1589081
Romania,stealing property,-0.8951917882225823,-12.384638,-10.637129,-1.7475097
Romania,cheating on taxes,-0.753729319229726,-12.079641,-10.328943,-1.7506988
Romania,someone accepting a bribe in the course of their duties,-0.8618814573137573,-12.171843,-10.341222,-1.8306217
Romania,homosexuality,-0.7016794762311415,-11.147444,-10.115617,-1.031827
Romania,prostitution,-0.7857673727238945,-11.350546,-9.906692,-1.4438539
Romania,abortion,-0.535727646838758,-11.271868,-10.032106,-1.2397616
Romania,divorce,-0.21415994810490221,-10.758726,-10.336418,-0.42230844
Romania,sex before marriage,-0.1675213675213675,-10.790636,-10.479189,-0.31144756
Romania,suicide,-0.8516680452164324,-11.636632,-10.564342,-1.0722901
Romania,euthanasia,-0.7484489565707839,-11.162735,-10.148786,-1.0139496
Romania,for a man to beat his wife,-0.9133801548712409,-11.841049,-10.325714,-1.5153352
Romania,parents beating children,-0.8297795771479982,-11.177951,-10.030813,-1.1471379
Romania,violence against other people,-0.9141414141414141,-12.250789,-10.756254,-1.4945343
Romania,"terrorism as a political, ideological or religious mean",-0.9281153074256524,-12.600464,-11.168475,-1.4319885
Romania,having casual sex,-0.6374170638258106,-11.292887,-10.3132,-0.9796875
Romania,political violence,-0.8860256765493671,-12.274335,-10.924719,-1.3496153
Romania,death penalty,-0.6986944679252373,-10.742796,-10.237471,-0.5053258
Russia,claiming government benefits to which you are not entitled,-0.3577094215515573,-11.688035,-10.156488,-1.5315461
Russia,avoiding a fare on public transport,-0.13414710485133022,-11.352835,-10.167944,-1.184891
Russia,stealing property,-0.7172057082320683,-12.414442,-10.613566,-1.8008759
Russia,cheating on taxes,-0.413062890674831,-12.108965,-10.387884,-1.7210789
Russia,someone accepting a bribe in the course of their duties,-0.6831882961281373,-12.132814,-10.367266,-1.7655487
Russia,homosexuality,-0.6434415413037742,-10.732771,-10.085487,-0.647284
Russia,prostitution,-0.5660511823777129,-10.986078,-9.8448515,-1.1412263
Russia,abortion,-0.20514319111630624,-10.7114315,-9.86259,-0.8488404
Russia,divorce,0.13242708532771716,-10.75326,-10.747114,-0.00614655
Russia,sex before marriage,0.12510430708004364,-10.70633,-10.800187,0.09385669
Russia,suicide,-0.6203483768804434,-11.46958,-10.484912,-0.98466796
Russia,euthanasia,-0.18698528419063049,-10.695165,-10.131203,-0.56396186
Russia,for a man to beat his wife,-0.7480886850152906,-11.869093,-10.289205,-1.5798889
Russia,parents beating children,-0.7030314489191403,-11.170801,-10.05438,-1.1164216
Russia,violence against other people,-0.7606352807714124,-12.292168,-10.828154,-1.4640137
Russia,"terrorism as a political, ideological or religious mean",-0.8029730410682792,-12.612508,-11.228615,-1.3838928
Russia,having casual sex,-0.28669573259347336,-10.947035,-10.339476,-0.6075593
Russia,political violence,-0.685250162443145,-12.267591,-10.952641,-1.3149506
Russia,death penalty,-0.2083081266384352,-10.817095,-10.258859,-0.55823684
Turkey,claiming government benefits to which you are not entitled,-0.8017892736290733,-11.824026,-9.921337,-1.9026886
Turkey,avoiding a fare on public transport,-0.7562814070351759,-11.430025,-9.943178,-1.4868469
Turkey,stealing property,-0.8643002403401736,-12.405842,-10.424889,-1.9809539
Turkey,cheating on taxes,-0.8473672001855718,-12.1471405,-10.100357,-2.0467834
Turkey,someone accepting a bribe in the course of their duties,-0.8554071600816175,-12.204851,-10.119711,-2.085141
Turkey,homosexuality,-0.7606620585884233,-11.088045,-10.008828,-1.0792176
Turkey,prostitution,-0.8104437911241774,-11.271151,-9.644289,-1.6268616
Turkey,abortion,-0.650511881281112,-11.049326,-9.76362,-1.2857059
Turkey,divorce,-0.24395417904115402,-10.707399,-10.25255,-0.45484942
Turkey,sex before marriage,-0.7000941619585687,-10.8873415,-10.244159,-0.6431824
Turkey,suicide,-0.822110692876063,-11.7226925,-10.449689,-1.2730042
Turkey,euthanasia,-0.6599283154121863,-10.830692,-9.878376,-0.9523163
Turkey,for a man to beat his wife,-0.8213707251608127,-11.817978,-10.019549,-1.7984283
Turkey,parents beating children,-0.757037037037037,-11.156917,-9.815271,-1.3416446
Turkey,violence against other people,-0.7877861180613475,-12.3232975,-10.572528,-1.750769
Turkey,"terrorism as a political, ideological or religious mean",,-12.671957,-10.950269,-1.7216889
Turkey,having casual sex,-0.7008583087097228,-11.161615,-10.076914,-1.0847017
Turkey,political violence,,-12.228888,-10.71781,-1.5110779
Turkey,death penalty,-0.49022939677145283,-10.756315,-9.979045,-0.7772706
Ukraine,claiming government benefits to which you are not entitled,-0.46615370523037464,-11.537718,-9.923102,-1.6146147
Ukraine,avoiding a fare on public transport,-0.41891290810426113,-11.315651,-10.022091,-1.2935606
Ukraine,stealing property,-0.7876621657400052,-12.086522,-10.380321,-1.706201
Ukraine,cheating on taxes,-0.5359207266721717,-11.886215,-10.138464,-1.7477509
Ukraine,someone accepting a bribe in the course of their duties,-0.6742301458670988,-11.8730135,-10.075256,-1.7977569
Ukraine,homosexuality,-0.6150565152484538,-10.908491,-9.954549,-0.9539429
Ukraine,prostitution,-0.5676479333928041,-11.027469,-9.688937,-1.3385316
Ukraine,abortion,-0.3209549071618037,-10.826425,-9.740078,-1.0863464
Ukraine,divorce,0.04044966375589682,-10.790688,-10.4399185,-0.35076916
Ukraine,sex before marriage,0.09898242368177612,-10.8950205,-10.470872,-0.42414865
Ukraine,suicide,-0.724904214559387,-11.42835,-10.382,-1.0463502
Ukraine,euthanasia,-0.18138261464750166,-10.682997,-9.924599,-0.75839853
Ukraine,for a man to beat his wife,-0.7795626952253457,-11.517534,-10.00453,-1.5130033
Ukraine,parents beating children,-0.6781919683054205,-11.084862,-9.937327,-1.1475344
Ukraine,violence against other people,-0.7560017849174475,-12.11369,-10.664236,-1.4494537
Ukraine,"terrorism as a political, ideological or religious mean",-0.8174154784324276,-12.235303,-10.875583,-1.3597199
Ukraine,having casual sex,-0.37740533829919304,-10.967053,-10.062408,-0.90464485
Ukraine,political violence,-0.7410220346929207,-12.005926,-10.82045,-1.1854767
Ukraine,death penalty,-0.23094934014474247,-10.816588,-10.047643,-0.7689454
Egypt,claiming government benefits to which you are not entitled,-0.8246330319821132,-11.711911,-9.968008,-1.7439026
Egypt,avoiding a fare on public transport,-0.868312757201646,-11.529509,-9.999811,-1.5296967
Egypt,stealing property,-0.9853091585309157,-12.372523,-10.426882,-1.9456425
Egypt,cheating on taxes,-0.8805885681946803,-12.114973,-10.100767,-2.014206
Egypt,someone accepting a bribe in the course of their duties,-0.9605103846512061,-12.13562,-10.106986,-2.0286345
Egypt,homosexuality,,-11.694792,-9.957265,-1.7375275
Egypt,prostitution,,-11.648135,-9.69675,-1.9513855
Egypt,abortion,-0.764088138771683,-11.52045,-9.820264,-1.7001865
Egypt,divorce,-0.114469633361321,-10.829265,-9.909147,-0.92011726
Egypt,sex before marriage,,-11.537959,-9.891185,-1.6467746
Egypt,suicide,-0.9743375174337516,-11.944306,-10.493082,-1.451224
Egypt,euthanasia,-0.8726642049904889,-11.256182,-9.840126,-1.4160551
Egypt,for a man to beat his wife,-0.6553783002145722,-11.730817,-10.015141,-1.7156767
Egypt,parents beating children,-0.36122733612273367,-11.150363,-9.822638,-1.3277255
Egypt,violence against other people,-0.8870246085011185,-12.233655,-10.497534,-1.7361206
Egypt,"terrorism as a political, ideological or religious mean",-0.9790688575899843,-12.746084,-11.08095,-1.6651335
Egypt,having casual sex,,-11.714935,-9.925058,-1.7898773
Egypt,political violence,-0.9744292237442922,-12.198959,-10.638794,-1.5601654
Egypt,death penalty,0.25301204819277107,-10.719706,-9.942389,-0.77731645
United States of America,claiming government benefits to which you are not entitled,-0.6598303911388023,-11.932546,-9.727086,-2.2054598
United States of America,avoiding a fare on public transport,-0.5705261336102457,-11.409442,-9.663617,-1.7458252
United States of America,stealing property,-0.8017480096919348,-12.863592,-10.540163,-2.3234286
United States of America,cheating on taxes,-0.7533264212890962,-12.181132,-9.950682,-2.2304506
United States of America,someone accepting a bribe in the course of their duties,-0.8286208387375703,-12.670925,-10.246545,-2.4243803
United States of America,homosexuality,0.2215256008359457,-10.5164995,-10.021922,-0.49457702
United States of America,prostitution,-0.3699519542916504,-10.999144,-9.4784775,-1.5206665
United States of America,abortion,-0.09622126996493961,-10.312506,-9.494809,-0.81769717
United States of America,divorce,0.24387397899649943,-10.470258,-10.710342,0.2400847
United States of America,sex before marriage,0.27000216590859866,-10.642118,-11.092348,0.45022878
United States of America,suicide,-0.4814814814814815,-11.472174,-10.156766,-1.3154083
United States of America,euthanasia,-0.025707720986690955,-10.2942295,-9.704291,-0.58993846
United States of America,for a man to beat his wife,-0.907911802853437,-12.293272,-10.069936,-2.223337
United States of America,parents beating children,-0.7797657634297075,-11.286448,-9.561847,-1.7246002
United States of America,violence against other people,-0.687521633783316,-13.085661,-10.823018,-2.2626433
United States of America,"terrorism as a political, ideological or religious mean",-0.8763510592304364,-13.424321,-11.285531,-2.1387908
United States of America,having casual sex,0.06124745704021122,-10.811478,-10.046417,-0.7650604
United States of America,political violence,-0.7286066744578625,-12.740459,-10.721853,-2.0186062
United States of America,death penalty,0.002511474841950284,-10.913947,-9.885593,-1.0283539
Mongolia,claiming government benefits to which you are not entitled,-0.37043832823649336,-11.381866,-10.099826,-1.2820406
Mongolia,avoiding a fare on public transport,-0.3412020078686745,-11.281189,-10.309366,-0.9718231
Mongolia,stealing property,-0.4909781576448243,-11.892247,-10.451164,-1.441083
Mongolia,cheating on taxes,-0.42382309048975714,-11.611707,-10.213672,-1.3980348
Mongolia,someone accepting a bribe in the course of their duties,-0.46045312711979375,-11.568898,-10.202803,-1.3660951
Mongolia,homosexuality,-0.36128069461402795,-11.095511,-10.017246,-1.0782654
Mongolia,prostitution,-0.46886446886446886,-11.157535,-9.89736,-1.2601746
Mongolia,abortion,-0.2935829602496269,-11.025533,-9.863447,-1.1620849
Mongolia,divorce,-0.22018722018722017,-10.907918,-10.310602,-0.5973147
Mongolia,sex before marriage,-0.214353547686881,-11.05934,-10.248903,-0.8104371
Mongolia,suicide,-0.49477682811016144,-11.396046,-10.403202,-0.9928438
Mongolia,euthanasia,-0.3494776828110161,-11.006296,-10.01969,-0.9866058
Mongolia,for a man to beat his wife,-0.4805318138651472,-11.251345,-9.9920025,-1.2593417
Mongolia,parents beating children,-0.4078144078144078,-11.132123,-10.1099825,-1.0221406
Mongolia,violence against other people,-0.5132275132275133,-11.89762,-10.6448,-1.2528198
Mongolia,"terrorism as a political, ideological or religious mean",-0.5149911816578483,-11.873836,-10.708339,-1.1654968
Mongolia,having casual sex,-0.37050603717270386,-11.181091,-10.163989,-1.0171021
Mongolia,political violence,-0.4894858228191561,-11.748805,-10.702367,-1.0464387
Mongolia,death penalty,-0.07176773843440509,-10.89021,-10.111479,-0.7787294
Nicaragua,claiming government benefits to which you are not entitled,-0.32481481481481483,-11.407608,-9.841904,-1.5657046
Nicaragua,avoiding a fare on public transport,-0.4111111111111111,-11.204233,-9.940226,-1.2640073
Nicaragua,stealing property,-0.8533333333333334,-12.094271,-10.312734,-1.7815368
Nicaragua,cheating on taxes,-0.7355555555555555,-11.974233,-10.126844,-1.847388
Nicaragua,someone accepting a bribe in the course of their duties,-0.7479629629629629,-11.804301,-9.95782,-1.8464813
Nicaragua,homosexuality,-0.4968518518518518,-11.22154,-9.999256,-1.222284
Nicaragua,prostitution,-0.6214814814814814,-11.4003315,-9.76613,-1.634201
Nicaragua,abortion,-0.7661111111111111,-11.302324,-9.9274645,-1.3748599
Nicaragua,divorce,-0.22666666666666666,-10.751864,-10.129724,-0.62214065
Nicaragua,sex before marriage,-0.3137037037037037,-11.054792,-10.085621,-0.96917117
Nicaragua,suicide,-0.8220370370370369,-11.601507,-10.4223995,-1.1791079
Nicaragua,euthanasia,-0.6733333333333333,-11.139131,-9.911134,-1.227997
Nicaragua,for a man to beat his wife,-0.8698148148148148,-11.472068,-9.951209,-1.520859
Nicaragua,parents beating children,-0.255,-11.046842,-9.816586,-1.2302555
Nicaragua,violence against other people,-0.7833333333333333,-11.9654875,-10.458667,-1.5068208
Nicaragua,"terrorism as a political, ideological or religious mean",-0.7787037037037036,-12.308635,-10.881411,-1.4272248
Nicaragua,having casual sex,-0.461111111111111,-11.359869,-9.968227,-1.3916414
Nicaragua,political violence,-0.7607407407407407,-11.9422865,-10.650777,-1.2915101
Nicaragua,death penalty,-0.7081481481481482,-10.770381,-10.033193,-0.73718894
Morocco,claiming government benefits to which you are not entitled,-0.405,-11.219972,-9.920561,-1.299411
Morocco,avoiding a fare on public transport,-0.5266666666666666,-11.0727215,-10.10536,-0.9673616
Morocco,stealing property,-0.6631481481481482,-11.767744,-10.261937,-1.5058075
Morocco,cheating on taxes,-0.5931481481481481,-11.537237,-10.009973,-1.5272647
Morocco,someone accepting a bribe in the course of their duties,-0.6031481481481482,-11.437121,-9.975002,-1.4621186
Morocco,homosexuality,-0.6066666666666667,-11.194458,-9.948092,-1.2463653
Morocco,prostitution,-0.6040740740740741,-11.184164,-9.754221,-1.4299438
Morocco,abortion,-0.41777777777777775,-11.045501,-9.758272,-1.2872283
Morocco,divorce,0.04685185185185185,-10.680563,-10.058321,-0.6222413
Morocco,sex before marriage,-0.523888888888889,-11.060282,-10.0107975,-1.0494843
Morocco,suicide,-0.5687037037037036,-11.443706,-10.4103155,-1.0333894
Morocco,euthanasia,-0.5125925925925926,-10.930758,-9.863785,-1.0669739
Morocco,for a man to beat his wife,-0.495,-11.107262,-9.8635025,-1.2437589
Morocco,parents beating children,-0.17703703703703702,-10.852948,-9.880274,-0.9726745
Morocco,violence against other people,-0.5951851851851852,-11.680181,-10.405104,-1.2750763
Morocco,"terrorism as a political, ideological or religious mean",-0.700925925925926,-11.86191,-10.640242,-1.2216673
Morocco,having casual sex,-0.6142592592592593,-11.120984,-9.965628,-1.1553559
Morocco,political violence,-0.657962962962963,-11.715213,-10.574018,-1.1411959
Morocco,death penalty,-0.2659259259259259,-10.625174,-10.061371,-0.5638032
Venezuela,claiming government benefits to which you are not entitled,-0.29561157796451915,-11.425064,-9.74357,-1.681494
Venezuela,avoiding a fare on public transport,-0.5363211951447245,-11.186853,-9.812122,-1.3747313
Venezuela,stealing property,-0.8001867413632119,-12.04803,-10.2161,-1.8319305
Venezuela,cheating on taxes,-0.7301587301587301,-11.851694,-9.935254,-1.9164404
Venezuela,someone accepting a bribe in the course of their duties,-0.7527544351073763,-11.785407,-9.875813,-1.9095951
Venezuela,homosexuality,-0.2931839402427638,-10.933637,-9.735224,-1.1984131
Venezuela,prostitution,-0.492063492063492,-11.053804,-9.486773,-1.567032
Venezuela,abortion,-0.5906629318394023,-10.915577,-9.622489,-1.2930877
Venezuela,divorce,0.00597572362278244,-10.746613,-10.286801,-0.45981154
Venezuela,sex before marriage,-0.060877684407096185,-10.784504,-10.206968,-0.5775361
Venezuela,suicide,-0.6879551820728291,-11.407479,-10.19699,-1.2104889
Venezuela,euthanasia,-0.48173386333522616,-10.745285,-9.802557,-0.9427279
Venezuela,for a man to beat his wife,-0.7557422969187675,-11.483248,-9.854394,-1.6288545
Venezuela,parents beating children,-0.42745098039215684,-11.065954,-9.81222,-1.2537354
Venezuela,violence against other people,-0.6943043884220355,-11.958395,-10.299465,-1.6589296
Venezuela,"terrorism as a political, ideological or religious mean",-0.7540616246498599,-12.223551,-10.702731,-1.5208191
Venezuela,having casual sex,-0.21549953314659198,-10.900326,-9.894448,-1.0058777
Venezuela,political violence,-0.6935574229691877,-11.936125,-10.519887,-1.4162387
Venezuela,death penalty,-0.4819794584500467,-10.719763,-9.943354,-0.7764098
Iraq,claiming government benefits to which you are not entitled,-0.43,-11.83889,-9.995146,-1.8437437
Iraq,avoiding a fare on public transport,-0.5585185185185185,-11.510991,-9.944798,-1.5661926
Iraq,stealing property,-0.6853703703703703,-12.286293,-10.467125,-1.8191681
Iraq,cheating on taxes,-0.6144444444444443,-12.123173,-10.096338,-2.0268345
Iraq,someone accepting a bribe in the course of their duties,-0.6338888888888888,-12.113691,-10.112763,-2.0009277
Iraq,homosexuality,-0.7120425815036595,-11.808571,-10.150746,-1.6578248
Iraq,prostitution,,-11.707223,-9.797057,-1.9101652
Iraq,abortion,-0.6040740740740741,-11.59362,-9.947706,-1.6459141
Iraq,divorce,-0.38407407407407407,-10.875901,-9.779517,-1.0963838
Iraq,sex before marriage,,-11.683624,-10.00281,-1.680814
Iraq,suicide,-0.7155555555555554,-11.835276,-10.514383,-1.3208923
Iraq,euthanasia,-0.6894444444444444,-11.18388,-9.76222,-1.4216585
Iraq,for a man to beat his wife,-0.6409259259259259,-11.69664,-10.0979185,-1.5987215
Iraq,parents beating children,-0.47981481481481486,-11.111769,-9.753564,-1.358206
Iraq,violence against other people,-0.6685185185185185,-12.225435,-10.488988,-1.7364471
Iraq,"terrorism as a political, ideological or religious mean",-0.675,-12.809889,-11.067851,-1.7420381
Iraq,having casual sex,,-11.823695,-9.960683,-1.8630127
Iraq,political violence,-0.632962962962963,-12.071791,-10.557051,-1.5147399
Iraq,death penalty,-0.1198148148148148,-10.757939,-9.853668,-0.9042696
Tajikistan,claiming government benefits to which you are not entitled,-0.5337037037037036,-12.771536,-10.173769,-2.5977664
Tajikistan,avoiding a fare on public transport,-0.6446296296296296,-12.781515,-10.3468895,-2.4346251
Tajikistan,stealing property,-0.7353703703703703,-13.260408,-10.827339,-2.4330688
Tajikistan,cheating on taxes,-0.6838888888888889,-12.988507,-10.43354,-2.5549653
Tajikistan,someone accepting a bribe in the course of their duties,-0.7209259259259259,-12.953641,-10.418775,-2.5348659
Tajikistan,homosexuality,,-12.907904,-10.37644,-2.5314636
Tajikistan,prostitution,-0.754074074074074,-12.7903,-10.162298,-2.628003
Tajikistan,abortion,-0.7037037037037036,-12.528467,-10.03467,-2.4937985
Tajikistan,divorce,-0.6964814814814815,-11.907389,-9.900012,-2.0073762
Tajikistan,sex before marriage,-0.7487037037037036,-12.989528,-10.346337,-2.643191
Tajikistan,suicide,-0.7594444444444444,-12.869443,-10.758548,-2.1108947
Tajikistan,euthanasia,-0.6992592592592592,-12.25704,-9.903067,-2.3539732
Tajikistan,for a man to beat his wife,-0.7118518518518518,-12.649599,-10.230601,-2.4189973
Tajikistan,parents beating children,-0.7133333333333334,-12.377072,-10.294825,-2.0822477
Tajikistan,violence against other people,-0.7224074074074074,-13.455835,-11.126764,-2.3290706
Tajikistan,"terrorism as a political, ideological or religious mean",-0.7270370370370369,-13.173106,-10.820775,-2.3523316
Tajikistan,having casual sex,-0.7414814814814815,-13.175855,-10.592686,-2.5831695
Tajikistan,political violence,-0.73,-13.094768,-11.138988,-1.9557803
Tajikistan,death penalty,-0.6748148148148148,-11.897822,-10.032365,-1.8654575
Guatemala,claiming government benefits to which you are not entitled,-0.3016924208977189,-11.282219,-9.74575,-1.5364685
Guatemala,avoiding a fare on public transport,-0.400405380504883,-11.124158,-9.839081,-1.2850769
Guatemala,stealing property,-0.7254901960784315,-11.871457,-10.122399,-1.7490574
Guatemala,cheating on taxes,-0.6922648859209795,-11.673677,-9.849806,-1.8238713
Guatemala,someone accepting a bribe in the course of their duties,-0.7091883897208355,-11.577275,-9.760115,-1.8171604
Guatemala,homosexuality,-0.3932687874596589,-10.897011,-9.746519,-1.1504914
Guatemala,prostitution,-0.46737213403880074,-11.083368,-9.561615,-1.5217531
Guatemala,abortion,-0.5645919778699862,-10.909272,-9.652979,-1.2562927
Guatemala,divorce,-0.11019207793401342,-10.516907,-9.93103,-0.5858766
Guatemala,sex before marriage,-0.3325956662056247,-10.846224,-9.967768,-0.8784574
Guatemala,suicide,-0.6436686062621225,-11.320938,-10.172588,-1.1483492
Guatemala,euthanasia,-0.393939393939394,-10.74519,-9.759912,-0.9852783
Guatemala,for a man to beat his wife,-0.8044739022369511,-11.2324095,-9.753733,-1.4786774
Guatemala,parents beating children,-0.31888888888888883,-10.955307,-9.788074,-1.1672333
Guatemala,violence against other people,-0.7308970099667774,-11.792883,-10.280789,-1.5120944
Guatemala,"terrorism as a political, ideological or religious mean",-0.75787728026534,-11.972323,-10.53093,-1.4413939
Guatemala,having casual sex,-0.441411634960022,-11.0507,-9.857307,-1.193393
Guatemala,political violence,-0.7622351743917106,-11.752908,-10.456671,-1.2962371
Guatemala,death penalty,-0.09047355813524968,-10.719397,-10.010183,-0.70921314
Malaysia,claiming government benefits to which you are not entitled,-0.2454937801472455,-11.254903,-10.034895,-1.2200073
Malaysia,avoiding a fare on public transport,-0.33790302107133785,-11.0466385,-10.191225,-0.8554138
Malaysia,stealing property,-0.5333841076415333,-11.808115,-10.365335,-1.4427793
Malaysia,cheating on taxes,-0.4646695438774647,-11.504259,-10.108327,-1.3959323
Malaysia,someone accepting a bribe in the course of their duties,-0.5367690615215368,-11.463634,-10.064268,-1.3993654
Malaysia,homosexuality,-0.4235423542354235,-10.868689,-9.869101,-0.999588
Malaysia,prostitution,-0.46940847930946933,-10.965065,-9.716868,-1.2481964
Malaysia,abortion,-0.43894389438943887,-10.79105,-9.729728,-1.061322
Malaysia,divorce,-0.1904882795971905,-10.653979,-10.263193,-0.39078683
Malaysia,sex before marriage,-0.37310654142337313,-10.823689,-10.375551,-0.44813842
Malaysia,suicide,-0.5222137598375222,-11.261545,-10.297097,-0.9644472
Malaysia,euthanasia,-0.34365744266734366,-10.789261,-9.971121,-0.8181397
Malaysia,for a man to beat his wife,-0.5255987137175255,-11.152773,-9.943568,-1.2092041
Malaysia,parents beating children,-0.22975374460522976,-10.896715,-10.037153,-0.85956115
Malaysia,violence against other people,-0.4941186426334941,-11.737762,-10.526297,-1.2114652
Malaysia,"terrorism as a political, ideological or religious mean",-0.5323686214775324,-11.793741,-10.686096,-1.1076444
Malaysia,having casual sex,-0.4235423542354235,-10.874314,-10.053178,-0.8211366
Malaysia,political violence,-0.5225522552255225,-11.711151,-10.648007,-1.063144
Malaysia,death penalty,-0.20555132436320558,-10.642349,-10.126608,-0.51574105
universal,claiming government benefits to which you are not entitled,,-11.772182,-9.50732,-2.264862
universal,avoiding a fare on public transport,,-11.497,-9.866465,-1.6305361
universal,stealing property,,-12.017374,-9.906919,-2.110455
universal,cheating on taxes,,-11.476973,-9.472027,-2.0049472
universal,someone accepting a bribe in the course of their duties,,-12.553831,-10.136653,-2.4171784
universal,homosexuality,,-10.064289,-9.530823,-0.53346664
universal,prostitution,,-10.609755,-8.917699,-1.6920567
universal,abortion,,-9.876242,-8.605741,-1.2705024
universal,divorce,,-10.351514,-10.090359,-0.26115522
universal,sex before marriage,,-10.147883,-10.2943945,0.14651152
universal,suicide,,-11.027204,-9.757205,-1.2699983
universal,euthanasia,,-9.938683,-9.456623,-0.48205957
universal,for a man to beat his wife,,-11.685111,-9.710029,-1.9750824
universal,parents beating children,,-10.771902,-9.217828,-1.5540746
universal,violence against other people,,-12.183092,-10.031255,-2.151837
universal,"terrorism as a political, ideological or religious mean",,-12.948901,-10.776761,-2.1721406
universal,having casual sex,,-10.478129,-9.954169,-0.52395993
universal,political violence,,-12.121773,-10.052498,-2.069275
universal,death penalty,,-10.298492,-9.395907,-0.9025852
universal,claiming government benefits to which you are not entitled,,-11.772182,-9.50732,-2.264862
universal,avoiding a fare on public transport,,-11.497,-9.866465,-1.6305361
universal,stealing property,,-12.017374,-9.906919,-2.110455
universal,cheating on taxes,,-11.476973,-9.472027,-2.0049472
universal,someone accepting a bribe in the course of their duties,,-12.553831,-10.136653,-2.4171784
universal,homosexuality,,-10.064289,-9.530823,-0.53346664
universal,prostitution,,-10.609755,-8.917699,-1.6920567
universal,abortion,,-9.876242,-8.605741,-1.2705024
universal,divorce,,-10.351514,-10.090359,-0.26115522
universal,sex before marriage,,-10.147883,-10.2943945,0.14651152
universal,suicide,,-11.027204,-9.757205,-1.2699983
universal,euthanasia,,-9.938683,-9.456623,-0.48205957
universal,for a man to beat his wife,,-11.685111,-9.710029,-1.9750824
universal,parents beating children,,-10.771902,-9.217828,-1.5540746
universal,violence against other people,,-12.183092,-10.031255,-2.151837
universal,"terrorism as a political, ideological or religious mean",,-12.948901,-10.776761,-2.1721406
universal,having casual sex,,-10.478129,-9.954169,-0.52395993
universal,political violence,,-12.121773,-10.052498,-2.069275
universal,death penalty,,-10.298492,-9.395907,-0.9025852
universal,claiming government benefits to which you are not entitled,,-11.772182,-9.50732,-2.264862
universal,avoiding a fare on public transport,,-11.497,-9.866465,-1.6305361
universal,stealing property,,-12.017374,-9.906919,-2.110455
universal,cheating on taxes,,-11.476973,-9.472027,-2.0049472
universal,someone accepting a bribe in the course of their duties,,-12.553831,-10.136653,-2.4171784
universal,homosexuality,,-10.064289,-9.530823,-0.53346664
universal,prostitution,,-10.609755,-8.917699,-1.6920567
universal,abortion,,-9.876242,-8.605741,-1.2705024
universal,divorce,,-10.351514,-10.090359,-0.26115522
universal,sex before marriage,,-10.147883,-10.2943945,0.14651152
universal,suicide,,-11.027204,-9.757205,-1.2699983
universal,euthanasia,,-9.938683,-9.456623,-0.48205957
universal,for a man to beat his wife,,-11.685111,-9.710029,-1.9750824
universal,parents beating children,,-10.771902,-9.217828,-1.5540746
universal,violence against other people,,-12.183092,-10.031255,-2.151837
universal,"terrorism as a political, ideological or religious mean",,-12.948901,-10.776761,-2.1721406
universal,having casual sex,,-10.478129,-9.954169,-0.52395993
universal,political violence,,-12.121773,-10.052498,-2.069275
universal,death penalty,,-10.298492,-9.395907,-0.9025852
universal,claiming government benefits to which you are not entitled,,-11.772182,-9.50732,-2.264862
universal,avoiding a fare on public transport,,-11.497,-9.866465,-1.6305361
universal,stealing property,,-12.017374,-9.906919,-2.110455
universal,cheating on taxes,,-11.476973,-9.472027,-2.0049472
universal,someone accepting a bribe in the course of their duties,,-12.553831,-10.136653,-2.4171784
universal,homosexuality,,-10.064289,-9.530823,-0.53346664
universal,prostitution,,-10.609755,-8.917699,-1.6920567
universal,abortion,,-9.876242,-8.605741,-1.2705024
universal,divorce,,-10.351514,-10.090359,-0.26115522
universal,sex before marriage,,-10.147883,-10.2943945,0.14651152
universal,suicide,,-11.027204,-9.757205,-1.2699983
universal,euthanasia,,-9.938683,-9.456623,-0.48205957
universal,for a man to beat his wife,,-11.685111,-9.710029,-1.9750824
universal,parents beating children,,-10.771902,-9.217828,-1.5540746
universal,violence against other people,,-12.183092,-10.031255,-2.151837
universal,"terrorism as a political, ideological or religious mean",,-12.948901,-10.776761,-2.1721406
universal,having casual sex,,-10.478129,-9.954169,-0.52395993
universal,political violence,,-12.121773,-10.052498,-2.069275
universal,death penalty,,-10.298492,-9.395907,-0.9025852
universal,claiming government benefits to which you are not entitled,,-11.772182,-9.50732,-2.264862
universal,avoiding a fare on public transport,,-11.497,-9.866465,-1.6305361
universal,stealing property,,-12.017374,-9.906919,-2.110455
universal,cheating on taxes,,-11.476973,-9.472027,-2.0049472
universal,someone accepting a bribe in the course of their duties,,-12.553831,-10.136653,-2.4171784
universal,homosexuality,,-10.064289,-9.530823,-0.53346664
universal,prostitution,,-10.609755,-8.917699,-1.6920567
universal,abortion,,-9.876242,-8.605741,-1.2705024
universal,divorce,,-10.351514,-10.090359,-0.26115522
universal,sex before marriage,,-10.147883,-10.2943945,0.14651152
universal,suicide,,-11.027204,-9.757205,-1.2699983
universal,euthanasia,,-9.938683,-9.456623,-0.48205957
universal,for a man to beat his wife,,-11.685111,-9.710029,-1.9750824
universal,parents beating children,,-10.771902,-9.217828,-1.5540746
universal,violence against other people,,-12.183092,-10.031255,-2.151837
universal,"terrorism as a political, ideological or religious mean",,-12.948901,-10.776761,-2.1721406
universal,having casual sex,,-10.478129,-9.954169,-0.52395993
universal,political violence,,-12.121773,-10.052498,-2.069275
universal,death penalty,,-10.298492,-9.395907,-0.9025852
