country,question,mcm_score,universal_mcm_score,wvs_score
Cyprus,claiming government benefits to which you are not entitled,-0.4374440908432007,-0.3665548264980316,-0.7470328925059342
Cyprus,avoiding a fare on public transport,-0.5803483724594116,-0.5411567091941833,-0.5822041553748871
Cyprus,stealing property,-0.8612430691719055,-0.85320645570755,-0.898989898989899
Cyprus,cheating on taxes,-0.7292008996009827,-0.6840233206748962,-0.8644713261648745
Cyprus,someone accepting a bribe in the course of their duties,-0.2903518080711365,-0.15518522262573242,-0.8801346801346802
Cyprus,homosexuality,-0.30873215198516846,-0.21722964942455292,-0.39444444444444443
Cyprus,prostitution,-0.5402361750602722,-0.6083777546882629,-0.7247097844112769
Cyprus,abortion,-0.514264702796936,-0.5117215514183044,-0.551994301994302
Cyprus,divorce,-0.4643998146057129,-0.5053173303604126,-0.06657436252451827
Cyprus,sex before marriage,-0.3110502362251282,-0.36077654361724854,-0.09383249340052796
Cyprus,suicide,-0.8528988361358643,-0.8572989106178284,-0.8317426652527397
Cyprus,euthanasia,-0.8086893558502197,-0.9363914728164673,-0.617310443490701
Cyprus,for a man to beat his wife,-1.0047154426574707,-1.0107672214508057,-0.9285473542298618
Cyprus,parents beating children,-1.0545519590377808,-1.0612080097198486,-0.894500561167228
Cyprus,violence against other people,-0.9297477006912231,-0.9251968860626221,-0.905656159177286
Cyprus,"terrorism as a political, ideological or religious mean",-0.9869787096977234,-0.9839868545532227,-0.943992773261066
Cyprus,having casual sex,-0.14230802655220032,0.08572327345609665,-0.5917642882499113
Cyprus,political violence,-0.8868728876113892,-0.9511947631835938,-0.9269776876267748
Cyprus,death penalty,-0.9244211912155151,-1.001991629600525,-0.6278858182645286
Ecuador,claiming government benefits to which you are not entitled,-0.494549423456192,-0.3665548264980316,-0.2355103194797851
Ecuador,avoiding a fare on public transport,-0.6084718108177185,-0.5411567091941833,-0.33928903778150005
Ecuador,stealing property,-0.8768914937973022,-0.85320645570755,-0.7960171226502885
Ecuador,cheating on taxes,-0.7718234658241272,-0.6840233206748962,-0.7032668726013293
Ecuador,someone accepting a bribe in the course of their duties,-0.3576444685459137,-0.15518522262573242,-0.7101937657961247
Ecuador,homosexuality,-0.34491994976997375,-0.21722964942455292,-0.398976735206101
Ecuador,prostitution,-0.5322796106338501,-0.6083777546882629,-0.451775683138151
Ecuador,abortion,-0.4976387917995453,-0.5117215514183044,-0.6555274735561172
Ecuador,divorce,-0.48211878538131714,-0.5053173303604126,-0.2515705578996718
Ecuador,sex before marriage,-0.38348397612571716,-0.36077654361724854,-0.33447001989201475
Ecuador,suicide,-0.8566636443138123,-0.8572989106178284,-0.6826471141191953
Ecuador,euthanasia,-0.8095542192459106,-0.9363914728164673,-0.4759380521775284
Ecuador,for a man to beat his wife,-0.9568774104118347,-1.0107672214508057,-0.806577480490524
Ecuador,parents beating children,-1.0338460206985474,-1.0612080097198486,-0.4899116689911669
Ecuador,violence against other people,-0.9716871976852417,-0.9251968860626221,-0.7385402138540214
Ecuador,"terrorism as a political, ideological or religious mean",-1.0223637819290161,-0.9839868545532227,-0.7601500234411627
Ecuador,having casual sex,-0.2939699590206146,0.08572327345609665,-0.5423167848699764
Ecuador,political violence,-0.8464646935462952,-0.9511947631835938,-0.6855275443510738
Ecuador,death penalty,-0.8453758955001831,-1.001991629600525,-0.4098514758413236
Greece,claiming government benefits to which you are not entitled,-0.4969581365585327,-0.3665548264980316,-0.8696097606407748
Greece,avoiding a fare on public transport,-0.646445095539093,-0.5411567091941833,-0.6914508493455862
Greece,stealing property,-0.9312813878059387,-0.85320645570755,-0.9709902370990239
Greece,cheating on taxes,-0.7992638349533081,-0.6840233206748962,-0.8491198658843251
Greece,someone accepting a bribe in the course of their duties,-0.3609948754310608,-0.15518522262573242,-0.9161073825503355
Greece,homosexuality,-0.37359267473220825,-0.21722964942455292,-0.1633535004321521
Greece,prostitution,-0.6223316192626953,-0.6083777546882629,-0.33750118404849866
Greece,abortion,-0.6127362251281738,-0.5117215514183044,-0.2055414192818773
Greece,divorce,-0.5708262920379639,-0.5053173303604126,0.3035914702581369
Greece,sex before marriage,-0.4142841398715973,-0.36077654361724854,0.42597328786587096
Greece,suicide,-0.8956597447395325,-0.8572989106178284,-0.8033314404694303
Greece,euthanasia,-0.8301352858543396,-0.9363914728164673,-0.5317672712855585
Greece,for a man to beat his wife,-1.0499211549758911,-1.0107672214508057,-0.9706674092639003
Greece,parents beating children,-1.1247731447219849,-1.0612080097198486,-0.9508439992580227
Greece,violence against other people,-1.0088974237442017,-0.9251968860626221,-0.9575656058068118
Greece,"terrorism as a political, ideological or religious mean",-1.0345386266708374,-0.9839868545532227,-0.9682806231924619
Greece,having casual sex,-0.18743661046028137,0.08572327345609665,-0.0340058728805532
Greece,political violence,-0.9012982249259949,-0.9511947631835938,-0.899623352165725
Greece,death penalty,-0.9426965117454529,-1.001991629600525,-0.6814555360965168
Indonesia,claiming government benefits to which you are not entitled,-0.491501122713089,-0.3665548264980316,-0.49328027367612665
Indonesia,avoiding a fare on public transport,-0.6595267653465271,-0.5411567091941833,-0.6138079827400215
Indonesia,stealing property,-0.9875310659408569,-0.85320645570755,-0.876442775691837
Indonesia,cheating on taxes,-0.8148128986358643,-0.6840233206748962,-0.666353481574277
Indonesia,someone accepting a bribe in the course of their duties,-0.3811831474304199,-0.15518522262573242,-0.793038570084666
Indonesia,homosexuality,-0.4153108596801758,-0.21722964942455292,-0.8643949688164175
Indonesia,prostitution,-0.6279870867729187,-0.6083777546882629,-0.8741599637870399
Indonesia,abortion,-0.6367891430854797,-0.5117215514183044,-0.8719420955562516
Indonesia,divorce,-0.6031599640846252,-0.5053173303604126,-0.6242804814233386
Indonesia,sex before marriage,-0.43545812368392944,-0.36077654361724854,-0.8572521207064387
Indonesia,suicide,-0.9994876980781555,-0.8572989106178284,-0.8923317683881065
Indonesia,euthanasia,-0.9129436016082764,-0.9363914728164673,-0.7354099160308004
Indonesia,for a man to beat his wife,-1.0909264087677002,-1.0107672214508057,-0.8514114865804479
Indonesia,parents beating children,-1.1586952209472656,-1.0612080097198486,-0.6807511737089202
Indonesia,violence against other people,-1.0341877937316895,-0.9251968860626221,-0.8081029386193704
Indonesia,"terrorism as a political, ideological or religious mean",-1.0875335931777954,-0.9839868545532227,-0.8387785831845082
Indonesia,having casual sex,-0.310963898897171,0.08572327345609665,-0.884430512016719
Indonesia,political violence,-0.981412947177887,-0.9511947631835938,-0.8260991712319146
Indonesia,death penalty,-0.99716717004776,-1.001991629600525,-0.47064194409327154
Jordan,claiming government benefits to which you are not entitled,-0.47363585233688354,-0.3665548264980316,-0.5566854990583804
Jordan,avoiding a fare on public transport,-0.5964218378067017,-0.5411567091941833,
Jordan,stealing property,-0.9236264228820801,-0.85320645570755,-0.9164814814814816
Jordan,cheating on taxes,-0.7378987669944763,-0.6840233206748962,-0.7543075346931173
Jordan,someone accepting a bribe in the course of their duties,-0.23768490552902222,-0.15518522262573242,-0.9015025041736227
Jordan,homosexuality,-0.351773738861084,-0.21722964942455292,-0.9397489539748954
Jordan,prostitution,-0.5610334873199463,-0.6083777546882629,
Jordan,abortion,-0.4584539234638214,-0.5117215514183044,-0.7969156447417317
Jordan,divorce,-0.4544776976108551,-0.5053173303604126,-0.375847024969832
Jordan,sex before marriage,-0.34165501594543457,-0.36077654361724854,-0.9436069235064211
Jordan,suicide,-0.881758987903595,-0.8572989106178284,-0.9477777777777779
Jordan,euthanasia,-0.8229835629463196,-0.9363914728164673,-0.8888888888888887
Jordan,for a man to beat his wife,-0.9819413423538208,-1.0107672214508057,-0.8682579332038117
Jordan,parents beating children,-1.0779080390930176,-1.0612080097198486,-0.6559079948061585
Jordan,violence against other people,-0.9740830063819885,-0.9251968860626221,-0.9089647515958922
Jordan,"terrorism as a political, ideological or religious mean",-1.0701076984405518,-0.9839868545532227,-0.9384986993682645
Jordan,having casual sex,-0.09364254772663116,0.08572327345609665,
Jordan,political violence,-0.9234214425086975,-0.9511947631835938,-0.9324965132496514
Jordan,death penalty,-0.9190043210983276,-1.001991629600525,-0.036477283328668716
Libya,claiming government benefits to which you are not entitled,-0.5073685050010681,-0.3665548264980316,-0.6391792489353465
Libya,avoiding a fare on public transport,-0.6411458849906921,-0.5411567091941833,-0.865308102862688
Libya,stealing property,-0.838546097278595,-0.85320645570755,-0.9648021308980211
Libya,cheating on taxes,-0.7803745865821838,-0.6840233206748962,-0.8903269101716039
Libya,someone accepting a bribe in the course of their duties,-0.3960590660572052,-0.15518522262573242,-0.9456918057954329
Libya,homosexuality,-0.4277273118495941,-0.21722964942455292,-0.9739614390777179
Libya,prostitution,-0.5666180849075317,-0.6083777546882629,-0.9703436529405873
Libya,abortion,-0.5150811672210693,-0.5117215514183044,-0.8707321886717979
Libya,divorce,-0.5347790718078613,-0.5053173303604126,-0.4038707142155418
Libya,sex before marriage,-0.4320659041404724,-0.36077654361724854,-0.9741784037558686
Libya,suicide,-0.8623381853103638,-0.8572989106178284,-0.9664422983123598
Libya,euthanasia,-0.7446599006652832,-0.9363914728164673,-0.9534654441486741
Libya,for a man to beat his wife,-1.0721913576126099,-1.0107672214508057,-0.8444638864586371
Libya,parents beating children,-1.1203696727752686,-1.0612080097198486,-0.5446680276076601
Libya,violence against other people,-0.9649967551231384,-0.9251968860626221,-0.9318933644677955
Libya,"terrorism as a political, ideological or religious mean",-1.048015832901001,-0.9839868545532227,-0.9722713864306783
Libya,having casual sex,-0.2791212201118469,0.08572327345609665,-0.9856440511307768
Libya,political violence,-0.9289848208427429,-0.9511947631835938,-0.9570146899339447
Libya,death penalty,-0.9191190004348755,-1.001991629600525,-0.21288014311270126
Maldives,claiming government benefits to which you are not entitled,-0.46569231152534485,-0.3665548264980316,-0.8097074895531984
Maldives,avoiding a fare on public transport,-0.587577223777771,-0.5411567091941833,-0.6836701957009946
Maldives,stealing property,-0.8240887522697449,-0.85320645570755,-0.9344508918977004
Maldives,cheating on taxes,-0.6824194192886353,-0.6840233206748962,-0.9124839124839125
Maldives,someone accepting a bribe in the course of their duties,-0.31023821234703064,-0.15518522262573242,-0.9358357394931024
Maldives,homosexuality,-0.32530325651168823,-0.21722964942455292,-0.9419824448726183
Maldives,prostitution,-0.5161042809486389,-0.6083777546882629,-0.9496410586092361
Maldives,abortion,-0.5175831317901611,-0.5117215514183044,-0.6599164255866281
Maldives,divorce,-0.47505077719688416,-0.5053173303604126,0.049764049764049766
Maldives,sex before marriage,-0.3288101255893707,-0.36077654361724854,-0.8560703560703561
Maldives,suicide,-0.8005253076553345,-0.8572989106178284,-0.9084589883434927
Maldives,euthanasia,-0.7550826072692871,-0.9363914728164673,-0.7767021619877379
Maldives,for a man to beat his wife,-0.9747251272201538,-1.0107672214508057,-0.963784420872174
Maldives,parents beating children,-1.0277249813079834,-1.0612080097198486,-0.916720188396489
Maldives,violence against other people,-0.9197415113449097,-0.9251968860626221,-0.9466409514625522
Maldives,"terrorism as a political, ideological or religious mean",-1.0210554599761963,-0.9839868545532227,-0.951998285653059
Maldives,having casual sex,-0.21108928322792053,0.08572327345609665,-0.9272104474416615
Maldives,political violence,-0.8785538077354431,-0.9511947631835938,-0.9521202361782072
Maldives,death penalty,-0.8890222907066345,-1.001991629600525,0.37447765991642556
New Zealand,claiming government benefits to which you are not entitled,-0.4478595554828644,-0.3665548264980316,-0.7808338790657062
New Zealand,avoiding a fare on public transport,-0.5964269638061523,-0.5411567091941833,-0.744888023369036
New Zealand,stealing property,-0.8785075545310974,-0.85320645570755,-0.9143473570658037
New Zealand,cheating on taxes,-0.731784999370575,-0.6840233206748962,-0.8238218763510593
New Zealand,someone accepting a bribe in the course of their duties,-0.3784276247024536,-0.15518522262573242,-0.9236178729849617
New Zealand,homosexuality,-0.33617836236953735,-0.21722964942455292,0.40620490620490624
New Zealand,prostitution,-0.5703480839729309,-0.6083777546882629,-0.034142907426962334
New Zealand,abortion,-0.5427230000495911,-0.5117215514183044,0.29105911608454843
New Zealand,divorce,-0.4972918927669525,-0.5053173303604126,0.5089605734767025
New Zealand,sex before marriage,-0.3666152060031891,-0.36077654361724854,0.5333106344342299
New Zealand,suicide,-0.866182804107666,-0.8572989106178284,-0.4877344877344877
New Zealand,euthanasia,-0.80389404296875,-0.9363914728164673,0.3568573712458604
New Zealand,for a man to beat his wife,-0.9461042881011963,-1.0107672214508057,-0.9697068051498432
New Zealand,parents beating children,-1.0252668857574463,-1.0612080097198486,-0.8950677506775067
New Zealand,violence against other people,-0.9410310387611389,-0.9251968860626221,-0.8555446942543717
New Zealand,"terrorism as a political, ideological or religious mean",-0.9974327683448792,-0.9839868545532227,-0.9576511678672779
New Zealand,having casual sex,-0.24691280722618103,0.08572327345609665,0.04981634527089072
New Zealand,political violence,-0.8073154091835022,-0.9511947631835938,-0.8237855946398661
New Zealand,death penalty,-0.8615967631340027,-1.001991629600525,-0.2732671006052301
Nigeria,claiming government benefits to which you are not entitled,-0.47548237442970276,-0.3665548264980316,-0.7770574464253557
Nigeria,avoiding a fare on public transport,-0.6585593819618225,-0.5411567091941833,-0.7741731999639542
Nigeria,stealing property,-0.993317186832428,-0.85320645570755,-0.8490328385065228
Nigeria,cheating on taxes,-0.8186608552932739,-0.6840233206748962,-0.8245993156852152
Nigeria,someone accepting a bribe in the course of their duties,-0.37216734886169434,-0.15518522262573242,-0.8412955465587044
Nigeria,homosexuality,-0.42042970657348633,-0.21722964942455292,-0.8888888888888887
Nigeria,prostitution,-0.6550503373146057,-0.6083777546882629,-0.8588807785888077
Nigeria,abortion,-0.6069037318229675,-0.5117215514183044,-0.8425097188319319
Nigeria,divorce,-0.5702566504478455,-0.5053173303604126,-0.6720867208672087
Nigeria,sex before marriage,-0.4625212252140045,-0.36077654361724854,-0.6242391205596439
Nigeria,suicide,-0.9745927453041077,-0.8572989106178284,-0.8772024451636101
Nigeria,euthanasia,-0.8726868033409119,-0.9363914728164673,-0.8561097022635484
Nigeria,for a man to beat his wife,-1.044772744178772,-1.0107672214508057,-0.7900134952766532
Nigeria,parents beating children,-1.110852837562561,-1.0612080097198486,0.12207838906868033
Nigeria,violence against other people,-1.0275729894638062,-0.9251968860626221,-0.8101140752717148
Nigeria,"terrorism as a political, ideological or religious mean",-1.0968860387802124,-0.9839868545532227,-0.8531103919453433
Nigeria,having casual sex,-0.3172815442085266,0.08572327345609665,-0.6533550665580006
Nigeria,political violence,-0.9737358093261719,-0.9511947631835938,-0.8434016540812657
Nigeria,death penalty,-0.9399702548980713,-1.001991629600525,-0.6397085610200365
Philippines,claiming government benefits to which you are not entitled,-0.4421258270740509,-0.3665548264980316,-0.047962962962962964
Philippines,avoiding a fare on public transport,-0.5372717380523682,-0.5411567091941833,-0.15299786859419887
Philippines,stealing property,-0.7907577753067017,-0.85320645570755,-0.4131625359695535
Philippines,cheating on taxes,-0.6545577049255371,-0.6840233206748962,-0.3157113708031905
Philippines,someone accepting a bribe in the course of their duties,-0.24678806960582733,-0.15518522262573242,-0.28518518518518515
Philippines,homosexuality,-0.17761988937854767,-0.21722964942455292,-0.20666666666666667
Philippines,prostitution,-0.41379010677337646,-0.6083777546882629,-0.3835603743860625
Philippines,abortion,-0.413064181804657,-0.5117215514183044,-0.5514814814814816
Philippines,divorce,-0.3441476821899414,-0.5053173303604126,-0.28777777777777774
Philippines,sex before marriage,-0.27936097979545593,-0.36077654361724854,-0.26340196624002965
Philippines,suicide,-0.8027819395065308,-0.8572989106178284,-0.5277546103234176
Philippines,euthanasia,-0.7246110439300537,-0.9363914728164673,-0.4166666666666667
Philippines,for a man to beat his wife,-0.8634077906608582,-1.0107672214508057,-0.45825224724307295
Philippines,parents beating children,-0.9651223421096802,-1.0612080097198486,-0.34129629629629626
Philippines,violence against other people,-0.8747332692146301,-0.9251968860626221,-0.39351851851851855
Philippines,"terrorism as a political, ideological or religious mean",-0.9849487543106079,-0.9839868545532227,-0.2940413307385784
Philippines,having casual sex,-0.14072594046592712,0.08572327345609665,-0.3620849564088295
Philippines,political violence,-0.7604430913925171,-0.9511947631835938,-0.3346296296296296
Philippines,death penalty,-0.823760986328125,-1.001991629600525,-0.30553238810119543
Thailand,claiming government benefits to which you are not entitled,-0.47393175959587097,-0.3665548264980316,-0.729697242881827
Thailand,avoiding a fare on public transport,-0.5745429992675781,-0.5411567091941833,-0.7297094938604373
Thailand,stealing property,-0.9034281969070435,-0.85320645570755,-0.8148646627785255
Thailand,cheating on taxes,-0.7644619345664978,-0.6840233206748962,-0.8337071930611635
Thailand,someone accepting a bribe in the course of their duties,-0.298254132270813,-0.15518522262573242,-0.829519964109466
Thailand,homosexuality,-0.30512309074401855,-0.21722964942455292,-0.2870931537598205
Thailand,prostitution,-0.5980737805366516,-0.6083777546882629,-0.6677920324105334
Thailand,abortion,-0.5649797320365906,-0.5117215514183044,-0.6900269541778976
Thailand,divorce,-0.5139043927192688,-0.5053173303604126,-0.20344182566404787
Thailand,sex before marriage,-0.34447595477104187,-0.36077654361724854,-0.22702702702702704
Thailand,suicide,-0.9012001752853394,-0.8572989106178284,-0.6691358024691357
Thailand,euthanasia,-0.837663471698761,-0.9363914728164673,-0.609423062495311
Thailand,for a man to beat his wife,-0.9570198059082031,-1.0107672214508057,-0.7782258064516129
Thailand,parents beating children,-1.068650245666504,-1.0612080097198486,-0.7067921990585071
Thailand,violence against other people,-0.9372310042381287,-0.9251968860626221,-0.800941492938803
Thailand,"terrorism as a political, ideological or religious mean",-1.038642406463623,-0.9839868545532227,-0.8100792582623
Thailand,having casual sex,-0.18805427849292755,0.08572327345609665,-0.6744534291704103
Thailand,political violence,-0.8591798543930054,-0.9511947631835938,-0.7135171486213854
Thailand,death penalty,-0.9179418087005615,-1.001991629600525,-0.22222222222222218
Tunisia,claiming government benefits to which you are not entitled,-0.49416494369506836,-0.3665548264980316,-0.6081920118617365
Tunisia,avoiding a fare on public transport,-0.6303135752677917,-0.5411567091941833,-0.7509928881499953
Tunisia,stealing property,-0.8480417728424072,-0.85320645570755,-0.8821464856377574
Tunisia,cheating on taxes,-0.7268855571746826,-0.6840233206748962,-0.7953410981697171
Tunisia,someone accepting a bribe in the course of their duties,-0.29965487122535706,-0.15518522262573242,-0.8359656414519258
Tunisia,homosexuality,-0.3535774052143097,-0.21722964942455292,-0.9084422203688258
Tunisia,prostitution,-0.49086064100265503,-0.6083777546882629,-0.8507435115913919
Tunisia,abortion,-0.4590263366699219,-0.5117215514183044,-0.6293829216393746
Tunisia,divorce,-0.47566863894462585,-0.5053173303604126,-0.302141011443337
Tunisia,sex before marriage,-0.37053313851356506,-0.36077654361724854,-0.880655009714127
Tunisia,suicide,-0.8361539244651794,-0.8572989106178284,-0.9032853451458104
Tunisia,euthanasia,-0.8150629997253418,-0.9363914728164673,-0.8114534184475899
Tunisia,for a man to beat his wife,-1.0706719160079956,-1.0107672214508057,-0.7919896640826872
Tunisia,parents beating children,-1.1037778854370117,-1.0612080097198486,-0.5544481358434846
Tunisia,violence against other people,-0.9827908873558044,-0.9251968860626221,-0.8917473490087598
Tunisia,"terrorism as a political, ideological or religious mean",-1.0427613258361816,-0.9839868545532227,-0.9225365132187096
Tunisia,having casual sex,-0.1484764963388443,0.08572327345609665,-0.9177980973492196
Tunisia,political violence,-0.9285159111022949,-0.9511947631835938,-0.9222869830696643
Tunisia,death penalty,-0.8796338438987732,-1.001991629600525,-0.47661305232020706
China,claiming government benefits to which you are not entitled,-0.4491293132305145,-0.3665548264980316,-0.48963844797178124
China,avoiding a fare on public transport,-0.5608984231948853,-0.5411567091941833,-0.8634679578885587
China,stealing property,-0.8674026727676392,-0.85320645570755,-0.9360258244378415
China,cheating on taxes,-0.7067325711250305,-0.6840233206748962,-0.8891461756165692
China,someone accepting a bribe in the course of their duties,-0.31354063749313354,-0.15518522262573242,-0.8665930831493746
China,homosexuality,-0.25058361887931824,-0.21722964942455292,-0.707107438016529
China,prostitution,-0.46404603123664856,-0.6083777546882629,-0.8941763971506206
China,abortion,-0.5068843960762024,-0.5117215514183044,-0.6806153619668028
China,divorce,-0.4546734690666199,-0.5053173303604126,-0.38881530537159675
China,sex before marriage,-0.3090917766094208,-0.36077654361724854,-0.39848903629998156
China,suicide,-0.7814406156539917,-0.8572989106178284,-0.7906463710566952
China,euthanasia,-0.8188470602035522,-0.9363914728164673,-0.33281790737059125
China,for a man to beat his wife,-1.0258452892303467,-1.0107672214508057,-0.8769434336751571
China,parents beating children,-1.0620213747024536,-1.0612080097198486,-0.480083857442348
China,violence against other people,-0.9012939929962158,-0.9251968860626221,-0.8590337524818001
China,"terrorism as a political, ideological or religious mean",-0.9302487969398499,-0.9839868545532227,-0.9278145695364238
China,having casual sex,-0.1818699687719345,0.08572327345609665,-0.8863887050518422
China,political violence,-0.7562330961227417,-0.9511947631835938,-0.887893864013267
China,death penalty,-0.8325329422950745,-1.001991629600525,0.004006321902451574
Singapore,claiming government benefits to which you are not entitled,-0.43895530700683594,-0.3665548264980316,-0.6573333333333332
Singapore,avoiding a fare on public transport,-0.5666205883026123,-0.5411567091941833,-0.8177977877827803
Singapore,stealing property,-0.8417322635650635,-0.85320645570755,-0.9221833138791619
Singapore,cheating on taxes,-0.6731471419334412,-0.6840233206748962,-0.8816594372149928
Singapore,someone accepting a bribe in the course of their duties,-0.28372591733932495,-0.15518522262573242,-0.9091313535757981
Singapore,homosexuality,-0.2069372683763504,-0.21722964942455292,-0.4560697518443998
Singapore,prostitution,-0.4914226233959198,-0.6083777546882629,-0.6052235057759919
Singapore,abortion,-0.4742366075515747,-0.5117215514183044,-0.49206349206349204
Singapore,divorce,-0.43983379006385803,-0.5053173303604126,-0.2877721943048576
Singapore,sex before marriage,-0.26370689272880554,-0.36077654361724854,-0.3253928311804507
Singapore,suicide,-0.8241103291511536,-0.8572989106178284,-0.6750934761984486
Singapore,euthanasia,-0.744846522808075,-0.9363914728164673,-0.2913492466565092
Singapore,for a man to beat his wife,-0.9572644233703613,-1.0107672214508057,-0.9286269286269286
Singapore,parents beating children,-1.0308762788772583,-1.0612080097198486,-0.4753333333333334
Singapore,violence against other people,-0.9231855869293213,-0.9251968860626221,-0.8701947079380928
Singapore,"terrorism as a political, ideological or religious mean",-0.9816281199455261,-0.9839868545532227,-0.932367149758454
Singapore,having casual sex,-0.0702805444598198,0.08572327345609665,-0.5850659512631343
Singapore,political violence,-0.8604009747505188,-0.9511947631835938,-0.8777166360958257
Singapore,death penalty,-0.8481996655464172,-1.001991629600525,-0.16018332215515316
Vietnam,claiming government benefits to which you are not entitled,-0.47705909609794617,-0.3665548264980316,-0.21685185185185182
Vietnam,avoiding a fare on public transport,-0.6072573065757751,-0.5411567091941833,-0.46129629629629626
Vietnam,stealing property,-0.8795501589775085,-0.85320645570755,-0.6677777777777778
Vietnam,cheating on taxes,-0.7249580025672913,-0.6840233206748962,-0.5927777777777777
Vietnam,someone accepting a bribe in the course of their duties,-0.36130741238594055,-0.15518522262573242,-0.5783333333333334
Vietnam,homosexuality,-0.36538079380989075,-0.21722964942455292,0.03166666666666667
Vietnam,prostitution,-0.5180225372314453,-0.6083777546882629,-0.3451851851851852
Vietnam,abortion,-0.4910678565502167,-0.5117215514183044,-0.2961111111111111
Vietnam,divorce,-0.4948524832725525,-0.5053173303604126,-0.05925925925925925
Vietnam,sex before marriage,-0.44394996762275696,-0.36077654361724854,0.005925925925925928
Vietnam,suicide,-0.8787340521812439,-0.8572989106178284,-0.2290740740740741
Vietnam,euthanasia,-0.828162670135498,-0.9363914728164673,-0.13703703703703704
Vietnam,for a man to beat his wife,-1.0117003917694092,-1.0107672214508057,-0.5996296296296296
Vietnam,parents beating children,-1.0733673572540283,-1.0612080097198486,-0.21296296296296297
Vietnam,violence against other people,-0.8633161783218384,-0.9251968860626221,-0.545
Vietnam,"terrorism as a political, ideological or religious mean",-0.9940249919891357,-0.9839868545532227,-0.5344444444444444
Vietnam,having casual sex,-0.3614632189273834,0.08572327345609665,-0.13314814814814815
Vietnam,political violence,-0.7556660175323486,-0.9511947631835938,-0.48074074074074075
Vietnam,death penalty,-0.9342532157897949,-1.001991629600525,-0.295
Australia,claiming government benefits to which you are not entitled,-0.4183908998966217,-0.3665548264980316,-0.8268992823558525
Australia,avoiding a fare on public transport,-0.6393175721168518,-0.5411567091941833,-0.7320663312837712
Australia,stealing property,-0.9307689666748047,-0.85320645570755,-0.9108138238573021
Australia,cheating on taxes,-0.7350954413414001,-0.6840233206748962,-0.8114026924747193
Australia,someone accepting a bribe in the course of their duties,-0.3682931959629059,-0.15518522262573242,-0.9033277560884924
Australia,homosexuality,-0.35871607065200806,-0.21722964942455292,0.419493399027225
Australia,prostitution,-0.5518646836280823,-0.6083777546882629,-0.072584198929808
Australia,abortion,-0.5289790034294128,-0.5117215514183044,0.23607194334774706
Australia,divorce,-0.5243988633155823,-0.5053173303604126,0.49739337981282583
Australia,sex before marriage,-0.4158044755458832,-0.36077654361724854,0.5299242424242425
Australia,suicide,-0.8912501931190491,-0.8572989106178284,-0.3247911563344011
Australia,euthanasia,-0.8128021955490112,-0.9363914728164673,0.264172335600907
Australia,for a man to beat his wife,-0.9469560980796814,-1.0107672214508057,-0.9463687150837988
Australia,parents beating children,-1.0335739850997925,-1.0612080097198486,-0.8648799553322166
Australia,violence against other people,-0.910122275352478,-0.9251968860626221,-0.8676360924683072
Australia,"terrorism as a political, ideological or religious mean",-0.9936974048614502,-0.9839868545532227,-0.9284516489659027
Australia,having casual sex,-0.23740217089653015,0.08572327345609665,0.12861189801699716
Australia,political violence,-0.7804109454154968,-0.9511947631835938,-0.8419642300741571
Australia,death penalty,-0.8976106643676758,-1.001991629600525,-0.2326291518663925
Canada,claiming government benefits to which you are not entitled,-0.448390930891037,-0.3665548264980316,-0.703113765831536
Canada,avoiding a fare on public transport,-0.6409243941307068,-0.5411567091941833,-0.48188706376859686
Canada,stealing property,-0.9897375702857971,-0.85320645570755,-0.7348597975775677
Canada,cheating on taxes,-0.8083950281143188,-0.6840233206748962,-0.6479177036668325
Canada,someone accepting a bribe in the course of their duties,-0.410178005695343,-0.15518522262573242,-0.7240196891764836
Canada,homosexuality,-0.39175283908843994,-0.21722964942455292,0.4998064266356949
Canada,prostitution,-0.6790981292724609,-0.6083777546882629,-0.11625463193407445
Canada,abortion,-0.5964080691337585,-0.5117215514183044,0.2755378574193905
Canada,divorce,-0.583660364151001,-0.5053173303604126,0.3920690227310436
Canada,sex before marriage,-0.4814831614494324,-0.36077654361724854,0.5191084563906864
Canada,suicide,-0.9418720602989197,-0.8572989106178284,-0.29550356728057076
Canada,euthanasia,-0.8784234523773193,-0.9363914728164673,0.1626569326917759
Canada,for a man to beat his wife,-0.9833393692970276,-1.0107672214508057,-0.8598528842431281
Canada,parents beating children,-1.0983479022979736,-1.0612080097198486,-0.754604280736685
Canada,violence against other people,-0.961350679397583,-0.9251968860626221,-0.6838670427520601
Canada,"terrorism as a political, ideological or religious mean",-1.0183533430099487,-0.9839868545532227,-0.812123223273049
Canada,having casual sex,-0.32750722765922546,0.08572327345609665,0.28643327249599027
Canada,political violence,-0.8559927344322205,-0.9511947631835938,-0.6578729052596649
Canada,death penalty,-0.9094935059547424,-1.001991629600525,-0.14683922349427575
Ethiopia,claiming government benefits to which you are not entitled,-0.4854768216609955,-0.3665548264980316,-0.8603174603174604
Ethiopia,avoiding a fare on public transport,-0.5506004691123962,-0.5411567091941833,-0.7734204793028323
Ethiopia,stealing property,-0.9066945314407349,-0.85320645570755,-0.8950416214259862
Ethiopia,cheating on taxes,-0.71711266040802,-0.6840233206748962,-0.8785550983081848
Ethiopia,someone accepting a bribe in the course of their duties,-0.2939012944698334,-0.15518522262573242,-0.8914306463326073
Ethiopia,homosexuality,-0.3465597629547119,-0.21722964942455292,-0.8576092680358084
Ethiopia,prostitution,-0.5178199410438538,-0.6083777546882629,-0.8443898443898444
Ethiopia,abortion,-0.5080452561378479,-0.5117215514183044,-0.8496145124716554
Ethiopia,divorce,-0.49083176255226135,-0.5053173303604126,-0.6464728787467173
Ethiopia,sex before marriage,-0.34352803230285645,-0.36077654361724854,-0.7975027144408251
Ethiopia,suicide,-0.8740177750587463,-0.8572989106178284,-0.8962238522140723
Ethiopia,euthanasia,-0.8339760303497314,-0.9363914728164673,-0.8415553738530026
Ethiopia,for a man to beat his wife,-1.0345779657363892,-1.0107672214508057,-0.8408041293126868
Ethiopia,parents beating children,-1.0951993465423584,-1.0612080097198486,-0.5713121434392828
Ethiopia,violence against other people,-0.9716017246246338,-0.9251968860626221,-0.8887079261672095
Ethiopia,"terrorism as a political, ideological or religious mean",-1.0572623014450073,-0.9839868545532227,-0.8882550031694286
Ethiopia,having casual sex,-0.2190377116203308,0.08572327345609665,-0.8840028954035469
Ethiopia,political violence,-0.9141016602516174,-0.9511947631835938,-0.8707334785766159
Ethiopia,death penalty,-0.9173024296760559,-1.001991629600525,-0.7486190346826044
Kenya,claiming government benefits to which you are not entitled,-0.4528035819530487,-0.3665548264980316,-0.4852571017619562
Kenya,avoiding a fare on public transport,-0.5053027868270874,-0.5411567091941833,-0.42595613558093165
Kenya,stealing property,-0.8721203207969666,-0.85320645570755,-0.5738775510204082
Kenya,cheating on taxes,-0.6828771233558655,-0.6840233206748962,-0.4344254896651323
Kenya,someone accepting a bribe in the course of their duties,-0.26782336831092834,-0.15518522262573242,-0.5131673881673882
Kenya,homosexuality,-0.2685364782810211,-0.21722964942455292,-0.5540923639689072
Kenya,prostitution,-0.5178953409194946,-0.6083777546882629,-0.5411421273490239
Kenya,abortion,-0.4966490566730499,-0.5117215514183044,-0.4094045025417574
Kenya,divorce,-0.42032769322395325,-0.5053173303604126,-0.16954259107093944
Kenya,sex before marriage,-0.2823701798915863,-0.36077654361724854,-0.30757369614512475
Kenya,suicide,-0.820198655128479,-0.8572989106178284,-0.5577539617110928
Kenya,euthanasia,-0.7370879054069519,-0.9363914728164673,-0.3192421212986766
Kenya,for a man to beat his wife,-0.9761601090431213,-1.0107672214508057,-0.47435200290012697
Kenya,parents beating children,-1.035771131515503,-1.0612080097198486,-0.17718205614225113
Kenya,violence against other people,-0.899159848690033,-0.9251968860626221,-0.5537325676784249
Kenya,"terrorism as a political, ideological or religious mean",-1.0389615297317505,-0.9839868545532227,-0.5822222222222222
Kenya,having casual sex,-0.12444262206554413,0.08572327345609665,-0.4385583627637417
Kenya,political violence,-0.8186891674995422,-0.9511947631835938,-0.559189606613973
Kenya,death penalty,-0.826603353023529,-1.001991629600525,-0.41077998528329657
Netherlands,claiming government benefits to which you are not entitled,-0.46703577041625977,-0.3665548264980316,-0.8734693877551021
Netherlands,avoiding a fare on public transport,-0.5676146745681763,-0.5411567091941833,-0.7565815434917413
Netherlands,stealing property,-0.8442308306694031,-0.85320645570755,-0.9228566616136096
Netherlands,cheating on taxes,-0.7240404486656189,-0.6840233206748962,-0.809459383279779
Netherlands,someone accepting a bribe in the course of their duties,-0.29472672939300537,-0.15518522262573242,-0.8972757244490716
Netherlands,homosexuality,-0.3225993812084198,-0.21722964942455292,0.7847443617900578
Netherlands,prostitution,-0.5122424364089966,-0.6083777546882629,0.1617149758454106
Netherlands,abortion,-0.5315716862678528,-0.5117215514183044,0.4750877192982456
Netherlands,divorce,-0.4471256732940674,-0.5053173303604126,0.5986335475652829
Netherlands,sex before marriage,-0.37987983226776123,-0.36077654361724854,0.7393604784909134
Netherlands,suicide,-0.8187301754951477,-0.8572989106178284,-0.025427471764780107
Netherlands,euthanasia,-0.7745911478996277,-0.9363914728164673,0.4582319545823196
Netherlands,for a man to beat his wife,-0.9546110033988953,-1.0107672214508057,-0.9372126920058304
Netherlands,parents beating children,-1.042242407798767,-1.0612080097198486,-0.8378438953325489
Netherlands,violence against other people,-0.9561315774917603,-0.9251968860626221,-0.8413657990484188
Netherlands,"terrorism as a political, ideological or religious mean",-0.9927381873130798,-0.9839868545532227,-0.9571130297387281
Netherlands,having casual sex,-0.20129476487636566,0.08572327345609665,0.3731768054073284
Netherlands,political violence,-0.871840238571167,-0.9511947631835938,-0.877398598184534
Netherlands,death penalty,-0.8741949796676636,-1.001991629600525,-0.46631853785900784
Zimbabwe,claiming government benefits to which you are not entitled,-0.48470795154571533,-0.3665548264980316,-0.7297396406307296
Zimbabwe,avoiding a fare on public transport,-0.6372290253639221,-0.5411567091941833,-0.7556105157094439
Zimbabwe,stealing property,-0.9594863653182983,-0.85320645570755,-0.8489840746842393
Zimbabwe,cheating on taxes,-0.8160070776939392,-0.6840233206748962,-0.8099679926840421
Zimbabwe,someone accepting a bribe in the course of their duties,-0.3795989155769348,-0.15518522262573242,-0.7966318872414424
Zimbabwe,homosexuality,-0.4297237992286682,-0.21722964942455292,-0.8406674000733406
Zimbabwe,prostitution,-0.7032690644264221,-0.6083777546882629,-0.8227709190672153
Zimbabwe,abortion,-0.5799354314804077,-0.5117215514183044,-0.8288907208940184
Zimbabwe,divorce,-0.5463891625404358,-0.5053173303604126,-0.6189429330402125
Zimbabwe,sex before marriage,-0.4598706066608429,-0.36077654361724854,-0.697638084734859
Zimbabwe,suicide,-0.9427314400672913,-0.8572989106178284,-0.8561875973252726
Zimbabwe,euthanasia,-0.8852909207344055,-0.9363914728164673,-0.802775480194835
Zimbabwe,for a man to beat his wife,-1.0372449159622192,-1.0107672214508057,-0.7992299229922993
Zimbabwe,parents beating children,-1.1030981540679932,-1.0612080097198486,-0.2604282022886674
Zimbabwe,violence against other people,-0.9966899156570435,-0.9251968860626221,-0.8358523403865531
Zimbabwe,"terrorism as a political, ideological or religious mean",-1.0853264331817627,-0.9839868545532227,-0.827507110744105
Zimbabwe,having casual sex,-0.28663286566734314,0.08572327345609665,-0.7856553998351196
Zimbabwe,political violence,-0.9464991092681885,-0.9511947631835938,-0.8437098255280073
Zimbabwe,death penalty,-0.929777204990387,-1.001991629600525,-0.6726403823178017
Andorra,claiming government benefits to which you are not entitled,-0.45356231927871704,-0.3665548264980316,-0.7780006686726847
Andorra,avoiding a fare on public transport,-0.5732564330101013,-0.5411567091941833,-0.8026169882457307
Andorra,stealing property,-0.8368661403656006,-0.85320645570755,-0.8876703223662346
Andorra,cheating on taxes,-0.7261458039283752,-0.6840233206748962,-0.8497058497058498
Andorra,someone accepting a bribe in the course of their duties,-0.28284376859664917,-0.15518522262573242,-0.932067932067932
Andorra,homosexuality,-0.3113941550254822,-0.21722964942455292,0.5611166722277833
Andorra,prostitution,-0.5504617691040039,-0.6083777546882629,-0.17001338688085676
Andorra,abortion,-0.5333068370819092,-0.5117215514183044,0.12757201646090532
Andorra,divorce,-0.44482576847076416,-0.5053173303604126,0.6097777777777779
Andorra,sex before marriage,-0.31888270378112793,-0.36077654361724854,0.5981704596162428
Andorra,suicide,-0.8141908049583435,-0.8572989106178284,-0.41377777777777774
Andorra,euthanasia,-0.8126237392425537,-0.9363914728164673,0.15251202864495916
Andorra,for a man to beat his wife,-0.9892491698265076,-1.0107672214508057,-0.9547119547119548
Andorra,parents beating children,-1.0701957941055298,-1.0612080097198486,-0.8464606181455633
Andorra,violence against other people,-0.9520609378814697,-0.9251968860626221,-0.9341317365269461
Andorra,"terrorism as a political, ideological or religious mean",-1.0159269571304321,-0.9839868545532227,-0.9724444444444444
Andorra,having casual sex,-0.10635560750961304,0.08572327345609665,0.04112337011033101
Andorra,political violence,-0.8635527491569519,-0.9511947631835938,-0.924963924963925
Andorra,death penalty,-0.8979374766349792,-1.001991629600525,-0.4674214674214674
Argentina,claiming government benefits to which you are not entitled,-0.47869810461997986,-0.3665548264980316,-0.208916183327647
Argentina,avoiding a fare on public transport,-0.647089958190918,-0.5411567091941833,-0.5445232466509061
Argentina,stealing property,-0.9064763784408569,-0.85320645570755,-0.8379111563241777
Argentina,cheating on taxes,-0.7729217410087585,-0.6840233206748962,-0.746418499717992
Argentina,someone accepting a bribe in the course of their duties,-0.34964612126350403,-0.15518522262573242,-0.8053872053872053
Argentina,homosexuality,-0.3986029624938965,-0.21722964942455292,0.11631363805276847
Argentina,prostitution,-0.5893719792366028,-0.6083777546882629,-0.35122717930117275
Argentina,abortion,-0.5313250422477722,-0.5117215514183044,-0.41549953314659194
Argentina,divorce,-0.5347863435745239,-0.5053173303604126,0.22902015939990622
Argentina,sex before marriage,-0.4000755548477173,-0.36077654361724854,0.27535202934563957
Argentina,suicide,-0.8981404900550842,-0.8572989106178284,-0.6305020223649774
Argentina,euthanasia,-0.8387988209724426,-0.9363914728164673,-0.36497002168643955
Argentina,for a man to beat his wife,-1.010865330696106,-1.0107672214508057,-0.9021508971358522
Argentina,parents beating children,-1.082681655883789,-1.0612080097198486,-0.7900614182021217
Argentina,violence against other people,-0.969942569732666,-0.9251968860626221,-0.8387096774193549
Argentina,"terrorism as a political, ideological or religious mean",-1.0279217958450317,-0.9839868545532227,-0.8651278569812175
Argentina,having casual sex,-0.24712185561656952,0.08572327345609665,-0.05119942713927677
Argentina,political violence,-0.8872525095939636,-0.9511947631835938,-0.8091961930971219
Argentina,death penalty,-0.8645257353782654,-1.001991629600525,-0.47031647031647034
Bangladesh,claiming government benefits to which you are not entitled,-0.46359020471572876,-0.3665548264980316,-0.7724074074074074
Bangladesh,avoiding a fare on public transport,-0.6757230758666992,-0.5411567091941833,-0.8220370370370369
Bangladesh,stealing property,-0.9463786482810974,-0.85320645570755,-0.8768518518518518
Bangladesh,cheating on taxes,-0.776214063167572,-0.6840233206748962,-0.8442592592592593
Bangladesh,someone accepting a bribe in the course of their duties,-0.3803919851779938,-0.15518522262573242,-0.865
Bangladesh,homosexuality,-0.38727930188179016,-0.21722964942455292,-0.8472222222222223
Bangladesh,prostitution,-0.6180338859558105,-0.6083777546882629,-0.8666666666666667
Bangladesh,abortion,-0.6114518642425537,-0.5117215514183044,-0.772962962962963
Bangladesh,divorce,-0.5711803436279297,-0.5053173303604126,-0.74
Bangladesh,sex before marriage,-0.4174858331680298,-0.36077654361724854,-0.8877777777777777
Bangladesh,suicide,-0.9356540441513062,-0.8572989106178284,-0.8
Bangladesh,euthanasia,-0.8764458894729614,-0.9363914728164673,-0.605
Bangladesh,for a man to beat his wife,-1.0346709489822388,-1.0107672214508057,-0.7966666666666666
Bangladesh,parents beating children,-1.1050708293914795,-1.0612080097198486,-0.7431481481481481
Bangladesh,violence against other people,-0.9950414896011353,-0.9251968860626221,-0.8235185185185184
Bangladesh,"terrorism as a political, ideological or religious mean",-1.0910868644714355,-0.9839868545532227,-0.8233333333333334
Bangladesh,having casual sex,-0.29561305046081543,0.08572327345609665,-0.8914814814814815
Bangladesh,political violence,-0.9441834688186646,-0.9511947631835938,-0.8331481481481481
Bangladesh,death penalty,-0.9458552002906799,-1.001991629600525,-0.6105555555555555
Armenia,claiming government benefits to which you are not entitled,-0.44029659032821655,-0.3665548264980316,-0.8081058726220016
Armenia,avoiding a fare on public transport,-0.522991418838501,-0.5411567091941833,-0.9092821216278006
Armenia,stealing property,-0.829585611820221,-0.85320645570755,-0.9697135559204525
Armenia,cheating on taxes,-0.6901949644088745,-0.6840233206748962,-0.8521564327485379
Armenia,someone accepting a bribe in the course of their duties,-0.27762436866760254,-0.15518522262573242,-0.9374485596707819
Armenia,homosexuality,-0.2647460103034973,-0.21722964942455292,-0.9171250458379172
Armenia,prostitution,-0.5214037299156189,-0.6083777546882629,-0.9198753208654199
Armenia,abortion,-0.5023168921470642,-0.5117215514183044,-0.6698306346547553
Armenia,divorce,-0.460856169462204,-0.5053173303604126,-0.4196814876185216
Armenia,sex before marriage,-0.31066882610321045,-0.36077654361724854,-0.6679608060639675
Armenia,suicide,-0.8389183282852173,-0.8572989106178284,-0.9302474207979551
Armenia,euthanasia,-0.7564441561698914,-0.9363914728164673,-0.675446049277825
Armenia,for a man to beat his wife,-0.9722083210945129,-1.0107672214508057,-0.9453103636860815
Armenia,parents beating children,-1.0386765003204346,-1.0612080097198486,-0.7974822112753147
Armenia,violence against other people,-0.8782646656036377,-0.9251968860626221,-0.9399744572158365
Armenia,"terrorism as a political, ideological or religious mean",-0.9368577003479004,-0.9839868545532227,-0.946843853820598
Armenia,having casual sex,-0.1741105616092682,0.08572327345609665,-0.8479338842975207
Armenia,political violence,-0.8047803640365601,-0.9511947631835938,-0.958943201693823
Armenia,death penalty,-0.892443060874939,-1.001991629600525,-0.630057803468208
Bolivia,claiming government benefits to which you are not entitled,-0.46466779708862305,-0.3665548264980316,-0.11798968214345149
Bolivia,avoiding a fare on public transport,-0.5594692826271057,-0.5411567091941833,-0.3417417417417417
Bolivia,stealing property,-0.7831532955169678,-0.85320645570755,-0.876937984496124
Bolivia,cheating on taxes,-0.7278156280517578,-0.6840233206748962,-0.7693899782135076
Bolivia,someone accepting a bribe in the course of their duties,-0.2791515290737152,-0.15518522262573242,-0.7676071741032371
Bolivia,homosexuality,-0.30931514501571655,-0.21722964942455292,-0.48853427895981083
Bolivia,prostitution,-0.5020837187767029,-0.6083777546882629,-0.6001357773251867
Bolivia,abortion,-0.4954146444797516,-0.5117215514183044,-0.7176380702903294
Bolivia,divorce,-0.4602893590927124,-0.5053173303604126,-0.3368519434823245
Bolivia,sex before marriage,-0.2930000126361847,-0.36077654361724854,-0.3602865916069601
Bolivia,suicide,-0.8255936503410339,-0.8572989106178284,-0.7428934150245626
Bolivia,euthanasia,-0.759092390537262,-0.9363914728164673,-0.5116232059834243
Bolivia,for a man to beat his wife,-0.9846200942993164,-1.0107672214508057,-0.8335495028102032
Bolivia,parents beating children,-0.9935659766197205,-1.0612080097198486,-0.6444877204370876
Bolivia,violence against other people,-0.8895614743232727,-0.9251968860626221,-0.7770167427701674
Bolivia,"terrorism as a political, ideological or religious mean",-0.9852733016014099,-0.9839868545532227,-0.7948277834992563
Bolivia,having casual sex,-0.18417802453041077,0.08572327345609665,-0.6392156862745098
Bolivia,political violence,-0.7915557026863098,-0.9511947631835938,-0.7647254023560645
Bolivia,death penalty,-0.8477112054824829,-1.001991629600525,-0.411288534043025
Brazil,claiming government benefits to which you are not entitled,-0.4666433036327362,-0.3665548264980316,-0.680531146260496
Brazil,avoiding a fare on public transport,-0.6150398254394531,-0.5411567091941833,-0.4337971128094585
Brazil,stealing property,-0.8325088024139404,-0.85320645570755,-0.8842030939084664
Brazil,cheating on taxes,-0.7273343801498413,-0.6840233206748962,-0.5564663023679418
Brazil,someone accepting a bribe in the course of their duties,-0.279655784368515,-0.15518522262573242,-0.8722801596498005
Brazil,homosexuality,-0.30331897735595703,-0.21722964942455292,-0.12291574442968865
Brazil,prostitution,-0.5208568572998047,-0.6083777546882629,-0.5085097550850975
Brazil,abortion,-0.5057128667831421,-0.5117215514183044,-0.6652752931822699
Brazil,divorce,-0.4669133126735687,-0.5053173303604126,0.1603467672556416
Brazil,sex before marriage,-0.3554808795452118,-0.36077654361724854,0.09229720518064077
Brazil,suicide,-0.8669049143791199,-0.8572989106178284,-0.7657335715703791
Brazil,euthanasia,-0.7726058959960938,-0.9363914728164673,-0.5117991056071551
Brazil,for a man to beat his wife,-0.9153210520744324,-1.0107672214508057,-0.9167946748591911
Brazil,parents beating children,-0.9870299100875854,-1.0612080097198486,-0.24799177430756378
Brazil,violence against other people,-0.913459837436676,-0.9251968860626221,-0.8352820906012396
Brazil,"terrorism as a political, ideological or religious mean",-0.9891915917396545,-0.9839868545532227,-0.8863875724065298
Brazil,having casual sex,-0.16466359794139862,0.08572327345609665,-0.22573839662447254
Brazil,political violence,-0.8208562135696411,-0.9511947631835938,-0.8457267499504264
Brazil,death penalty,-0.8922687768936157,-1.001991629600525,-0.3047107930828861
Myanmar,claiming government benefits to which you are not entitled,-0.42424607276916504,-0.3665548264980316,-0.4100639421740339
Myanmar,avoiding a fare on public transport,-0.5154485106468201,-0.5411567091941833,-0.5197252390234847
Myanmar,stealing property,-0.8028783202171326,-0.85320645570755,-0.8913909739597814
Myanmar,cheating on taxes,-0.6361109614372253,-0.6840233206748962,-0.8618518518518518
Myanmar,someone accepting a bribe in the course of their duties,-0.23312266170978546,-0.15518522262573242,-0.8396296296296295
Myanmar,homosexuality,-0.21754151582717896,-0.21722964942455292,-0.8396812158280048
Myanmar,prostitution,-0.4535410702228546,-0.6083777546882629,-0.8113242516912241
Myanmar,abortion,-0.43492135405540466,-0.5117215514183044,-0.9088128996385878
Myanmar,divorce,-0.3724730312824249,-0.5053173303604126,-0.6781673158968652
Myanmar,sex before marriage,-0.29125261306762695,-0.36077654361724854,-0.8601372658133926
Myanmar,suicide,-0.7550822496414185,-0.8572989106178284,-0.9201186173663237
Myanmar,euthanasia,-0.7380996346473694,-0.9363914728164673,-0.7896494156928213
Myanmar,for a man to beat his wife,-0.9349870085716248,-1.0107672214508057,-0.8813826336762117
Myanmar,parents beating children,-1.01924729347229,-1.0612080097198486,-0.1024074074074074
Myanmar,violence against other people,-0.877113401889801,-0.9251968860626221,-0.9025113520526362
Myanmar,"terrorism as a political, ideological or religious mean",-0.9639766216278076,-0.9839868545532227,-0.8778611806134743
Myanmar,having casual sex,-0.12926599383354187,0.08572327345609665,-0.9141877490501343
Myanmar,political violence,-0.8033197522163391,-0.9511947631835938,-0.9036233898619219
Myanmar,death penalty,-0.8326485753059387,-1.001991629600525,-0.3483709273182957
Chile,claiming government benefits to which you are not entitled,-0.4991376996040344,-0.3665548264980316,-0.2169092169092169
Chile,avoiding a fare on public transport,-0.5961914658546448,-0.5411567091941833,-0.5171862509992007
Chile,stealing property,-0.8468459248542786,-0.85320645570755,-0.7746320638130547
Chile,cheating on taxes,-0.7381972670555115,-0.6840233206748962,-0.6836999435984207
Chile,someone accepting a bribe in the course of their duties,-0.3324742615222931,-0.15518522262573242,-0.7149316152368035
Chile,homosexuality,-0.34700849652290344,-0.21722964942455292,-0.0406097415743718
Chile,prostitution,-0.5536704659461975,-0.6083777546882629,-0.43067426400759734
Chile,abortion,-0.5569636821746826,-0.5117215514183044,-0.36237897648686035
Chile,divorce,-0.4825631380081177,-0.5053173303604126,0.19558287795992715
Chile,sex before marriage,-0.33683326840400696,-0.36077654361724854,0.22140091517071453
Chile,suicide,-0.8634756803512573,-0.8572989106178284,-0.5211169284467714
Chile,euthanasia,-0.794743001461029,-0.9363914728164673,-0.2914447994320199
Chile,for a man to beat his wife,-0.976810097694397,-1.0107672214508057,-0.811618725324309
Chile,parents beating children,-1.0045737028121948,-1.0612080097198486,-0.7737332883945623
Chile,violence against other people,-0.9090125560760498,-0.9251968860626221,-0.7685653297382317
Chile,"terrorism as a political, ideological or religious mean",-1.0198105573654175,-0.9839868545532227,-0.7658084914182476
Chile,having casual sex,-0.19120347499847412,0.08572327345609665,-0.21577060931899641
Chile,political violence,-0.8398314714431763,-0.9511947631835938,-0.6974236749517649
Chile,death penalty,-0.8678750395774841,-1.001991629600525,-0.2772628447190754
Taiwan,claiming government benefits to which you are not entitled,-0.4554024636745453,-0.3665548264980316,-0.5551921504497138
Taiwan,avoiding a fare on public transport,-0.5962461233139038,-0.5411567091941833,-0.7245389297719633
Taiwan,stealing property,-0.8494913578033447,-0.85320645570755,-0.9058780775869899
Taiwan,cheating on taxes,-0.6783199906349182,-0.6840233206748962,-0.8337421640774052
Taiwan,someone accepting a bribe in the course of their duties,-0.30252647399902344,-0.15518522262573242,-0.8724448078495503
Taiwan,homosexuality,-0.25512993335723877,-0.21722964942455292,-0.2552012355773599
Taiwan,prostitution,-0.5252470970153809,-0.6083777546882629,-0.5201235577359862
Taiwan,abortion,-0.5121069550514221,-0.5117215514183044,-0.4676115199418551
Taiwan,divorce,-0.4392070472240448,-0.5053173303604126,-0.1078404651585355
Taiwan,sex before marriage,-0.32943254709243774,-0.36077654361724854,-0.07240846733896611
Taiwan,suicide,-0.8586015701293945,-0.8572989106178284,-0.5982556554919596
Taiwan,euthanasia,-0.8300613760948181,-0.9363914728164673,0.13128009448532751
Taiwan,for a man to beat his wife,-0.9786834120750427,-1.0107672214508057,-0.8689924593440538
Taiwan,parents beating children,-1.0473588705062866,-1.0612080097198486,-0.27827745979831015
Taiwan,violence against other people,-0.9601198434829712,-0.9251968860626221,-0.8608158444626146
Taiwan,"terrorism as a political, ideological or religious mean",-1.030486822128296,-0.9839868545532227,-0.9189606613972926
Taiwan,having casual sex,-0.1755051463842392,0.08572327345609665,-0.4810575088579994
Taiwan,political violence,-0.8717684745788574,-0.9511947631835938,-0.8544562551103843
Taiwan,death penalty,-0.8869959115982056,-1.001991629600525,0.3251500272776869
Colombia,claiming government benefits to which you are not entitled,-0.46882787346839905,-0.3665548264980316,-0.38274853801169584
Colombia,avoiding a fare on public transport,-0.5188254714012146,-0.5411567091941833,-0.4080409356725146
Colombia,stealing property,-0.7519239783287048,-0.85320645570755,-0.8697368421052631
Colombia,cheating on taxes,-0.669712483882904,-0.6840233206748962,-0.7660818713450291
Colombia,someone accepting a bribe in the course of their duties,-0.28570958971977234,-0.15518522262573242,-0.8065789473684211
Colombia,homosexuality,-0.26277318596839905,-0.21722964942455292,-0.3195906432748538
Colombia,prostitution,-0.4518352448940277,-0.6083777546882629,-0.5347953216374269
Colombia,abortion,-0.4168880879878998,-0.5117215514183044,-0.699269005847953
Colombia,divorce,-0.3939571976661682,-0.5053173303604126,-0.17660818713450294
Colombia,sex before marriage,-0.289909690618515,-0.36077654361724854,-0.1
Colombia,suicide,-0.7406973838806152,-0.8572989106178284,-0.750438596491228
Colombia,euthanasia,-0.6597831845283508,-0.9363914728164673,-0.37573099415204675
Colombia,for a man to beat his wife,-0.9540489315986633,-1.0107672214508057,-0.8771929824561403
Colombia,parents beating children,-0.9832174777984619,-1.0612080097198486,-0.42339181286549704
Colombia,violence against other people,-0.8533465266227722,-0.9251968860626221,-0.8258771929824561
Colombia,"terrorism as a political, ideological or religious mean",-0.9368767738342285,-0.9839868545532227,-0.8345029239766081
Colombia,having casual sex,-0.15304973721504211,0.08572327345609665,-0.4067251461988304
Colombia,political violence,-0.7308683395385742,-0.9511947631835938,-0.8049707602339182
Colombia,death penalty,-0.7621516585350037,-1.001991629600525,-0.3416666666666666
Germany,claiming government benefits to which you are not entitled,-0.5470473766326904,-0.3665548264980316,-0.880386983289358
Germany,avoiding a fare on public transport,-0.761322021484375,-0.5411567091941833,-0.8156648451730417
Germany,stealing property,-1.0744162797927856,-0.85320645570755,-0.9639325189063409
Germany,cheating on taxes,-0.8782601952552795,-0.6840233206748962,-0.8850877192982456
Germany,someone accepting a bribe in the course of their duties,-0.49765345454216003,-0.15518522262573242,-0.9276757072032663
Germany,homosexuality,-0.5815309882164001,-0.21722964942455292,0.5235531628532974
Germany,prostitution,-0.7514972686767578,-0.6083777546882629,-0.1178360606739894
Germany,abortion,-0.7675502896308899,-0.5117215514183044,-0.008708708708708716
Germany,divorce,-0.7083379626274109,-0.5053173303604126,0.42174909440378505
Germany,sex before marriage,-0.6024535298347473,-0.36077654361724854,0.6717037037037037
Germany,suicide,-1.0369845628738403,-0.8572989106178284,-0.29514129514129506
Germany,euthanasia,-0.941760778427124,-0.9363914728164673,0.3619686800894854
Germany,for a man to beat his wife,-1.128728985786438,-1.0107672214508057,-0.9762788328603653
Germany,parents beating children,-1.1707665920257568,-1.0612080097198486,-0.8869908015768725
Germany,violence against other people,-1.078741192817688,-0.9251968860626221,-0.928503684248924
Germany,"terrorism as a political, ideological or religious mean",-1.112040638923645,-0.9839868545532227,-0.9753734061930782
Germany,having casual sex,-0.3978206217288971,0.08572327345609665,-0.20568018732532667
Germany,political violence,-0.9981220364570618,-0.9511947631835938,-0.9418511213383008
Germany,death penalty,-1.012353777885437,-1.001991629600525,-0.6609347442680776
Iran,claiming government benefits to which you are not entitled,-0.49419069290161133,-0.3665548264980316,-0.42258528099236065
Iran,avoiding a fare on public transport,-0.5418435335159302,-0.5411567091941833,-0.619090231170768
Iran,stealing property,-0.8410849571228027,-0.85320645570755,-0.8978015448603683
Iran,cheating on taxes,-0.7004700899124146,-0.6840233206748962,-0.7039026938288188
Iran,someone accepting a bribe in the course of their duties,-0.3033197224140167,-0.15518522262573242,-0.8896306186025813
Iran,homosexuality,-0.2636725604534149,-0.21722964942455292,-0.8662192393736017
Iran,prostitution,-0.4884970486164093,-0.6083777546882629,
Iran,abortion,-0.45855647325515747,-0.5117215514183044,-0.6156477762903466
Iran,divorce,-0.4620421230792999,-0.5053173303604126,-0.4104855525767053
Iran,sex before marriage,-0.3273621201515198,-0.36077654361724854,-0.7234105763517528
Iran,suicide,-0.8095792531967163,-0.8572989106178284,-0.8920041536863966
Iran,euthanasia,-0.7866759896278381,-0.9363914728164673,-0.5389830508474577
Iran,for a man to beat his wife,-0.9781041741371155,-1.0107672214508057,-0.8895560002964938
Iran,parents beating children,-1.050648808479309,-1.0612080097198486,-0.7320872274143301
Iran,violence against other people,-0.9139371514320374,-0.9251968860626221,-0.8205299487864618
Iran,"terrorism as a political, ideological or religious mean",-0.9742244482040405,-0.9839868545532227,-0.8562091503267975
Iran,having casual sex,-0.14430463314056396,0.08572327345609665,
Iran,political violence,-0.8280882835388184,-0.9511947631835938,-0.7835497835497836
Iran,death penalty,-0.901014506816864,-1.001991629600525,0.3026355196166517
Japan,claiming government benefits to which you are not entitled,-0.4819895029067993,-0.3665548264980316,-0.8304183813443072
Japan,avoiding a fare on public transport,-0.6180694103240967,-0.5411567091941833,-0.9280455153949129
Japan,stealing property,-0.8920644521713257,-0.85320645570755,-0.9762740183792815
Japan,cheating on taxes,-0.716353714466095,-0.6840233206748962,-0.9428141459744168
Japan,someone accepting a bribe in the course of their duties,-0.26850104331970215,-0.15518522262573242,-0.9139622641509434
Japan,homosexuality,-0.2544965147972107,-0.21722964942455292,0.2689290275497172
Japan,prostitution,-0.5199562907218933,-0.6083777546882629,-0.7829020411649159
Japan,abortion,-0.5088309049606323,-0.5117215514183044,-0.13991769547325103
Japan,divorce,-0.4744454324245453,-0.5053173303604126,0.2895273565664627
Japan,sex before marriage,-0.3212883770465851,-0.36077654361724854,0.30513434424048946
Japan,suicide,-0.9075325131416321,-0.8572989106178284,-0.6203407880724174
Japan,euthanasia,-0.7832630276679993,-0.9363914728164673,0.15189077517290933
Japan,for a man to beat his wife,-0.9507291913032532,-1.0107672214508057,-0.9408076247805368
Japan,parents beating children,-1.0553724765777588,-1.0612080097198486,-0.9331159602039965
Japan,violence against other people,-0.9782195091247559,-0.9251968860626221,-0.9318429205392281
Japan,"terrorism as a political, ideological or religious mean",-1.0262778997421265,-0.9839868545532227,-0.9538592027141646
Japan,having casual sex,-0.10937564820051193,0.08572327345609665,-0.6296296296296297
Japan,political violence,-0.8522414565086365,-0.9511947631835938,-0.9140671994500301
Japan,death penalty,-0.9132737517356873,-1.001991629600525,0.28925468678555094
Kazakhstan,claiming government benefits to which you are not entitled,-0.5180516839027405,-0.3665548264980316,-0.46600055509297816
Kazakhstan,avoiding a fare on public transport,-0.6633897423744202,-0.5411567091941833,-0.27089518668466034
Kazakhstan,stealing property,-1.0550514459609985,-0.85320645570755,-0.7350981451467675
Kazakhstan,cheating on taxes,-0.8245221376419067,-0.6840233206748962,-0.5674734140080675
Kazakhstan,someone accepting a bribe in the course of their duties,-0.38896432518959045,-0.15518522262573242,-0.7233523189585028
Kazakhstan,homosexuality,-0.47152552008628845,-0.21722964942455292,-0.7287382952022396
Kazakhstan,prostitution,-0.6893941164016724,-0.6083777546882629,-0.6713886479714753
Kazakhstan,abortion,-0.6734166145324707,-0.5117215514183044,-0.44277728743748157
Kazakhstan,divorce,-0.6304518580436707,-0.5053173303604126,-0.17516110134739307
Kazakhstan,sex before marriage,-0.4768636226654053,-0.36077654361724854,-0.2135989691743483
Kazakhstan,suicide,-1.0249704122543335,-0.8572989106178284,-0.7163536776212832
Kazakhstan,euthanasia,-0.933673083782196,-0.9363914728164673,-0.3863891439649015
Kazakhstan,for a man to beat his wife,-1.0803431272506714,-1.0107672214508057,-0.6931306306306306
Kazakhstan,parents beating children,-1.1596490144729614,-1.0612080097198486,-0.6947902259105578
Kazakhstan,violence against other people,-1.0526353120803833,-0.9251968860626221,-0.7674418604651163
Kazakhstan,"terrorism as a political, ideological or religious mean",-1.1050370931625366,-0.9839868545532227,-0.8158572479764533
Kazakhstan,having casual sex,-0.40895554423332214,0.08572327345609665,-0.5419069588619762
Kazakhstan,political violence,-0.9885521531105042,-0.9511947631835938,-0.7744220730797912
Kazakhstan,death penalty,-0.9687085747718811,-1.001991629600525,-0.4479287650019357
South Korea,claiming government benefits to which you are not entitled,-0.42209210991859436,-0.3665548264980316,-0.5032574743418117
South Korea,avoiding a fare on public transport,-0.4453132450580597,-0.5411567091941833,-0.5621597501115574
South Korea,stealing property,-0.7766222953796387,-0.85320645570755,-0.7301204819277108
South Korea,cheating on taxes,-0.623838484287262,-0.6840233206748962,-0.728157072735386
South Korea,someone accepting a bribe in the course of their duties,-0.24280156195163727,-0.15518522262573242,-0.72904953145917
South Korea,homosexuality,-0.18712548911571503,-0.21722964942455292,-0.5039714413208389
South Korea,prostitution,-0.40366408228874207,-0.6083777546882629,-0.6330209727800089
South Korea,abortion,-0.4133182466030121,-0.5117215514183044,-0.35296742525658187
South Korea,divorce,-0.38047143816947937,-0.5053173303604126,-0.0532797858099063
South Korea,sex before marriage,-0.2339053601026535,-0.36077654361724854,-0.16001784917447567
South Korea,suicide,-0.7554237842559814,-0.8572989106178284,-0.6260597947344935
South Korea,euthanasia,-0.6767359972000122,-0.9363914728164673,-0.23676929941990182
South Korea,for a man to beat his wife,-0.9348361492156982,-1.0107672214508057,-0.7745649263721552
South Korea,parents beating children,-0.9658157229423523,-1.0612080097198486,-0.6892458723784025
South Korea,violence against other people,-0.8177686333656311,-0.9251968860626221,-0.7419009370816599
South Korea,"terrorism as a political, ideological or religious mean",-0.9166226983070374,-0.9839868545532227,-0.7210174029451137
South Korea,having casual sex,-0.10558013617992401,0.08572327345609665,-0.6635430611334225
South Korea,political violence,-0.6760814785957336,-0.9511947631835938,-0.6794288264167782
South Korea,death penalty,-0.7752899527549744,-1.001991629600525,-0.25783132530120484
Kyrgyzstan,claiming government benefits to which you are not entitled,-0.4562554359436035,-0.3665548264980316,-0.541371158392435
Kyrgyzstan,avoiding a fare on public transport,-0.4980209171772003,-0.5411567091941833,-0.6147762345679012
Kyrgyzstan,stealing property,-0.8346503973007202,-0.85320645570755,-0.8427116062077503
Kyrgyzstan,cheating on taxes,-0.6872084736824036,-0.6840233206748962,-0.7327224131347843
Kyrgyzstan,someone accepting a bribe in the course of their duties,-0.249229297041893,-0.15518522262573242,-0.8343815513626834
Kyrgyzstan,homosexuality,-0.3083688020706177,-0.21722964942455292,-0.8928012519561815
Kyrgyzstan,prostitution,-0.508448600769043,-0.6083777546882629,-0.8909231812457619
Kyrgyzstan,abortion,-0.5283461809158325,-0.5117215514183044,-0.8210628019323671
Kyrgyzstan,divorce,-0.45605677366256714,-0.5053173303604126,-0.720782959124928
Kyrgyzstan,sex before marriage,-0.2985779643058777,-0.36077654361724854,-0.7773892773892773
Kyrgyzstan,suicide,-0.8149166703224182,-0.8572989106178284,-0.9068783068783068
Kyrgyzstan,euthanasia,-0.7436927556991577,-0.9363914728164673,-0.7848386780425615
Kyrgyzstan,for a man to beat his wife,-0.9412877559661865,-1.0107672214508057,-0.8055316298210354
Kyrgyzstan,parents beating children,-1.0001779794692993,-1.0612080097198486,-0.7332569026464125
Kyrgyzstan,violence against other people,-0.9090509414672852,-0.9251968860626221,-0.8662072925638816
Kyrgyzstan,"terrorism as a political, ideological or religious mean",-1.0063459873199463,-0.9839868545532227,-0.8929539295392954
Kyrgyzstan,having casual sex,-0.17578834295272827,0.08572327345609665,-0.8527583527583527
Kyrgyzstan,political violence,-0.8325617909431458,-0.9511947631835938,-0.8815202637192165
Kyrgyzstan,death penalty,-0.844292938709259,-1.001991629600525,-0.7450865927223196
Lebanon,claiming government benefits to which you are not entitled,-0.4276388883590698,-0.3665548264980316,-0.466439135381115
Lebanon,avoiding a fare on public transport,-0.531337320804596,-0.5411567091941833,
Lebanon,stealing property,-0.804966390132904,-0.85320645570755,-0.784143030983806
Lebanon,cheating on taxes,-0.6601808667182922,-0.6840233206748962,-0.6530214424951267
Lebanon,someone accepting a bribe in the course of their duties,-0.23806501924991608,-0.15518522262573242,-0.6346296296296295
Lebanon,homosexuality,-0.29503872990608215,-0.21722964942455292,-0.7024608501118568
Lebanon,prostitution,-0.48433366417884827,-0.6083777546882629,
Lebanon,abortion,-0.4089946448802948,-0.5117215514183044,-0.6974074074074075
Lebanon,divorce,-0.41025909781455994,-0.5053173303604126,-0.34561697375767725
Lebanon,sex before marriage,-0.264506071805954,-0.36077654361724854,-0.7149232914923291
Lebanon,suicide,-0.8253433704376221,-0.8572989106178284,-0.7575925925925926
Lebanon,euthanasia,-0.7249053120613098,-0.9363914728164673,-0.6984801283866704
Lebanon,for a man to beat his wife,-0.9734677672386169,-1.0107672214508057,-0.7675585284280937
Lebanon,parents beating children,-1.0244344472885132,-1.0612080097198486,-0.658642499763995
Lebanon,violence against other people,-0.8707321882247925,-0.9251968860626221,-0.7746296296296297
Lebanon,"terrorism as a political, ideological or religious mean",-0.9298092722892761,-0.9839868545532227,-0.8168293816829382
Lebanon,having casual sex,-0.07904385775327682,0.08572327345609665,-0.7372222222222222
Lebanon,political violence,-0.8294463157653809,-0.9511947631835938,-0.785024154589372
Lebanon,death penalty,-0.8808536529541016,-1.001991629600525,-0.3698289863380147
Mexico,claiming government benefits to which you are not entitled,-0.49673599004745483,-0.3665548264980316,-0.1784629306444315
Mexico,avoiding a fare on public transport,-0.6452862024307251,-0.5411567091941833,-0.2664471560462264
Mexico,stealing property,-0.8828919529914856,-0.85320645570755,-0.7034045008655511
Mexico,cheating on taxes,-0.8197842240333557,-0.6840233206748962,-0.5600722673893405
Mexico,someone accepting a bribe in the course of their duties,-0.3530055582523346,-0.15518522262573242,-0.6338956757804924
Mexico,homosexuality,-0.4153946042060852,-0.21722964942455292,-0.25807512663640547
Mexico,prostitution,-0.6007053852081299,-0.6083777546882629,-0.41774130519734276
Mexico,abortion,-0.5692522525787354,-0.5117215514183044,-0.4997403946002077
Mexico,divorce,-0.5452396869659424,-0.5053173303604126,-0.10208816705336426
Mexico,sex before marriage,-0.451913446187973,-0.36077654361724854,-0.1653973833235696
Mexico,suicide,-0.9205738306045532,-0.8572989106178284,-0.6069371643046656
Mexico,euthanasia,-0.8701108694076538,-0.9363914728164673,-0.38491829100216574
Mexico,for a man to beat his wife,-1.0576039552688599,-1.0107672214508057,-0.7338471419396274
Mexico,parents beating children,-1.0886074304580688,-1.0612080097198486,-0.5366183574879226
Mexico,violence against other people,-0.966463029384613,-0.9251968860626221,-0.6908492938672859
Mexico,"terrorism as a political, ideological or religious mean",-1.0227748155593872,-0.9839868545532227,-0.7033997655334114
Mexico,having casual sex,-0.2671213150024414,0.08572327345609665,-0.4842395587076438
Mexico,political violence,-0.8564865589141846,-0.9511947631835938,-0.6684839044652128
Mexico,death penalty,-0.8926186561584473,-1.001991629600525,-0.41381100726895126
Pakistan,claiming government benefits to which you are not entitled,-0.4953964352607727,-0.3665548264980316,-0.6138246215367039
Pakistan,avoiding a fare on public transport,-0.7394475936889648,-0.5411567091941833,-0.7683310841205577
Pakistan,stealing property,-1.0096505880355835,-0.85320645570755,-0.825176026103383
Pakistan,cheating on taxes,-0.8499683737754822,-0.6840233206748962,-0.7849313487942772
Pakistan,someone accepting a bribe in the course of their duties,-0.4532081186771393,-0.15518522262573242,-0.8535353535353535
Pakistan,homosexuality,-0.48891255259513855,-0.21722964942455292,-0.8705738705738706
Pakistan,prostitution,-0.7166080474853516,-0.6083777546882629,-0.8769091012320446
Pakistan,abortion,-0.6831032037734985,-0.5117215514183044,-0.8245050829320493
Pakistan,divorce,-0.6716412901878357,-0.5053173303604126,-0.7044929251930775
Pakistan,sex before marriage,-0.550276517868042,-0.36077654361724854,-0.8726121849214423
Pakistan,suicide,-0.991344153881073,-0.8572989106178284,-0.8767676767676768
Pakistan,euthanasia,-0.9433531165122986,-0.9363914728164673,-0.8576051779935275
Pakistan,for a man to beat his wife,-1.0993552207946777,-1.0107672214508057,-0.7912388774811774
Pakistan,parents beating children,-1.1667439937591553,-1.0612080097198486,-0.4796637127925471
Pakistan,violence against other people,-1.0205281972885132,-0.9251968860626221,-0.8396066463207869
Pakistan,"terrorism as a political, ideological or religious mean",-1.0912184715270996,-0.9839868545532227,-0.854987667068204
Pakistan,having casual sex,-0.38994893431663513,0.08572327345609665,-0.8521937321937322
Pakistan,political violence,-0.976006805896759,-0.9511947631835938,-0.8755832037325039
Pakistan,death penalty,-1.017300009727478,-1.001991629600525,-0.399700943179204
Peru,claiming government benefits to which you are not entitled,-0.42297402024269104,-0.3665548264980316,-0.44682598341134916
Peru,avoiding a fare on public transport,-0.4359930157661438,-0.5411567091941833,-0.6060825488776249
Peru,stealing property,-0.6660105586051941,-0.85320645570755,-0.8759764068228918
Peru,cheating on taxes,-0.5934922099113464,-0.6840233206748962,-0.8095238095238094
Peru,someone accepting a bribe in the course of their duties,-0.15501828491687775,-0.15518522262573242,-0.8411086939005721
Peru,homosexuality,-0.15505188703536987,-0.21722964942455292,-0.5898078529657477
Peru,prostitution,-0.35937514901161194,-0.6083777546882629,-0.7073369123149503
Peru,abortion,-0.3274712562561035,-0.5117215514183044,-0.7055393586005831
Peru,divorce,-0.3254322111606598,-0.5053173303604126,-0.26049741602067183
Peru,sex before marriage,-0.17296113073825836,-0.36077654361724854,-0.251539788125154
Peru,suicide,-0.6431235671043396,-0.8572989106178284,-0.7972283005105762
Peru,euthanasia,-0.6371995806694031,-0.9363914728164673,-0.45462256149279057
Peru,for a man to beat his wife,-0.8716355562210083,-1.0107672214508057,-0.8932696136997214
Peru,parents beating children,-0.9173824191093445,-1.0612080097198486,-0.799888650282351
Peru,violence against other people,-0.7568215131759644,-0.9251968860626221,-0.86468567776979
Peru,"terrorism as a political, ideological or religious mean",-0.8460433483123779,-0.9839868545532227,-0.8581525312294542
Peru,having casual sex,-0.05092994123697281,0.08572327345609665,-0.6250738209735931
Peru,political violence,-0.6450088620185852,-0.9511947631835938,-0.83778922410269
Peru,death penalty,-0.7094062566757202,-1.001991629600525,-0.3432062798413854
Romania,claiming government benefits to which you are not entitled,-0.47423815727233887,-0.3665548264980316,-0.7416276722635103
Romania,avoiding a fare on public transport,-0.6574308276176453,-0.5411567091941833,-0.7974706413730804
Romania,stealing property,-0.9279474020004272,-0.85320645570755,-0.8951917882225823
Romania,cheating on taxes,-0.7388468384742737,-0.6840233206748962,-0.753729319229726
Romania,someone accepting a bribe in the course of their duties,-0.3278721570968628,-0.15518522262573242,-0.8618814573137573
Romania,homosexuality,-0.4057648479938507,-0.21722964942455292,-0.7016794762311415
Romania,prostitution,-0.6073737740516663,-0.6083777546882629,-0.7857673727238945
Romania,abortion,-0.5589076280593872,-0.5117215514183044,-0.535727646838758
Romania,divorce,-0.569329023361206,-0.5053173303604126,-0.21415994810490221
Romania,sex before marriage,-0.43529361486434937,-0.36077654361724854,-0.1675213675213675
Romania,suicide,-0.8862054347991943,-0.8572989106178284,-0.8516680452164324
Romania,euthanasia,-0.834190309047699,-0.9363914728164673,-0.7484489565707839
Romania,for a man to beat his wife,-0.9819074273109436,-1.0107672214508057,-0.9133801548712409
Romania,parents beating children,-1.0581941604614258,-1.0612080097198486,-0.8297795771479982
Romania,violence against other people,-0.9252317547798157,-0.9251968860626221,-0.9141414141414141
Romania,"terrorism as a political, ideological or religious mean",-1.0086054801940918,-0.9839868545532227,-0.9281153074256524
Romania,having casual sex,-0.2805817723274231,0.08572327345609665,-0.6374170638258106
Romania,political violence,-0.8242632746696472,-0.9511947631835938,-0.8860256765493671
Romania,death penalty,-0.9369779229164124,-1.001991629600525,-0.6986944679252373
Russia,claiming government benefits to which you are not entitled,-0.5096970200538635,-0.3665548264980316,-0.3577094215515573
Russia,avoiding a fare on public transport,-0.7125771641731262,-0.5411567091941833,-0.13414710485133022
Russia,stealing property,-1.035005807876587,-0.85320645570755,-0.7172057082320683
Russia,cheating on taxes,-0.8720895648002625,-0.6840233206748962,-0.413062890674831
Russia,someone accepting a bribe in the course of their duties,-0.5100992321968079,-0.15518522262573242,-0.6831882961281373
Russia,homosexuality,-0.5092891454696655,-0.21722964942455292,-0.6434415413037742
Russia,prostitution,-0.7531399130821228,-0.6083777546882629,-0.5660511823777129
Russia,abortion,-0.7258778214454651,-0.5117215514183044,-0.20514319111630624
Russia,divorce,-0.6803241968154907,-0.5053173303604126,0.13242708532771716
Russia,sex before marriage,-0.5555626153945923,-0.36077654361724854,0.12510430708004364
Russia,suicide,-1.0051213502883911,-0.8572989106178284,-0.6203483768804434
Russia,euthanasia,-0.9857528805732727,-0.9363914728164673,-0.18698528419063049
Russia,for a man to beat his wife,-1.1208276748657227,-1.0107672214508057,-0.7480886850152906
Russia,parents beating children,-1.1787142753601074,-1.0612080097198486,-0.7030314489191403
Russia,violence against other people,-1.0743584632873535,-0.9251968860626221,-0.7606352807714124
Russia,"terrorism as a political, ideological or religious mean",-1.1184526681900024,-0.9839868545532227,-0.8029730410682792
Russia,having casual sex,-0.4112924337387085,0.08572327345609665,-0.28669573259347336
Russia,political violence,-0.9816855788230896,-0.9511947631835938,-0.685250162443145
Russia,death penalty,-1.0030734539031982,-1.001991629600525,-0.2083081266384352
Turkey,claiming government benefits to which you are not entitled,-0.5031313896179199,-0.3665548264980316,-0.8017892736290733
Turkey,avoiding a fare on public transport,-0.7219087481498718,-0.5411567091941833,-0.7562814070351759
Turkey,stealing property,-1.0434000492095947,-0.85320645570755,-0.8643002403401736
Turkey,cheating on taxes,-0.9023091793060303,-0.6840233206748962,-0.8473672001855718
Turkey,someone accepting a bribe in the course of their duties,-0.5111756324768066,-0.15518522262573242,-0.8554071600816175
Turkey,homosexuality,-0.5914986729621887,-0.21722964942455292,-0.7606620585884233
Turkey,prostitution,-0.7882640361785889,-0.6083777546882629,-0.8104437911241774
Turkey,abortion,-0.7893480658531189,-0.5117215514183044,-0.650511881281112
Turkey,divorce,-0.7481300830841064,-0.5053173303604126,-0.24395417904115402
Turkey,sex before marriage,-0.608191192150116,-0.36077654361724854,-0.7000941619585687
Turkey,suicide,-1.0559487342834473,-0.8572989106178284,-0.822110692876063
Turkey,euthanasia,-1.0256385803222656,-0.9363914728164673,-0.6599283154121863
Turkey,for a man to beat his wife,-1.131575345993042,-1.0107672214508057,-0.8213707251608127
Turkey,parents beating children,-1.2008342742919922,-1.0612080097198486,-0.757037037037037
Turkey,violence against other people,-1.075959324836731,-0.9251968860626221,-0.7877861180613475
Turkey,"terrorism as a political, ideological or religious mean",-1.112494945526123,-0.9839868545532227,
Turkey,having casual sex,-0.46603405475616455,0.08572327345609665,-0.7008583087097228
Turkey,political violence,-1.0148526430130005,-0.9511947631835938,
Turkey,death penalty,-1.0694471597671509,-1.001991629600525,-0.49022939677145283
Ukraine,claiming government benefits to which you are not entitled,-0.47121211886405945,-0.3665548264980316,-0.46615370523037464
Ukraine,avoiding a fare on public transport,-0.5865975022315979,-0.5411567091941833,-0.41891290810426113
Ukraine,stealing property,-0.9257981777191162,-0.85320645570755,-0.7876621657400052
Ukraine,cheating on taxes,-0.762103259563446,-0.6840233206748962,-0.5359207266721717
Ukraine,someone accepting a bribe in the course of their duties,-0.33742162585258484,-0.15518522262573242,-0.6742301458670988
Ukraine,homosexuality,-0.3702358901500702,-0.21722964942455292,-0.6150565152484538
Ukraine,prostitution,-0.5967590808868408,-0.6083777546882629,-0.5676479333928041
Ukraine,abortion,-0.5351319909095764,-0.5117215514183044,-0.3209549071618037
Ukraine,divorce,-0.5089607834815979,-0.5053173303604126,0.04044966375589682
Ukraine,sex before marriage,-0.4239388704299927,-0.36077654361724854,0.09898242368177612
Ukraine,suicide,-0.8631410002708435,-0.8572989106178284,-0.724904214559387
Ukraine,euthanasia,-0.8014901876449585,-0.9363914728164673,-0.18138261464750166
Ukraine,for a man to beat his wife,-1.0529335737228394,-1.0107672214508057,-0.7795626952253457
Ukraine,parents beating children,-1.087856650352478,-1.0612080097198486,-0.6781919683054205
Ukraine,violence against other people,-0.8860753774642944,-0.9251968860626221,-0.7560017849174475
Ukraine,"terrorism as a political, ideological or religious mean",-0.9852836728096008,-0.9839868545532227,-0.8174154784324276
Ukraine,having casual sex,-0.29820361733436584,0.08572327345609665,-0.37740533829919304
Ukraine,political violence,-0.8104189038276672,-0.9511947631835938,-0.7410220346929207
Ukraine,death penalty,-0.8700922131538391,-1.001991629600525,-0.23094934014474247
Egypt,claiming government benefits to which you are not entitled,-0.4954722225666046,-0.3665548264980316,-0.8246330319821132
Egypt,avoiding a fare on public transport,-0.671491265296936,-0.5411567091941833,-0.868312757201646
Egypt,stealing property,-0.9401907920837402,-0.85320645570755,-0.9853091585309157
Egypt,cheating on taxes,-0.7763242125511169,-0.6840233206748962,-0.8805885681946803
Egypt,someone accepting a bribe in the course of their duties,-0.3734363615512848,-0.15518522262573242,-0.9605103846512061
Egypt,homosexuality,-0.42239534854888916,-0.21722964942455292,
Egypt,prostitution,-0.6241615414619446,-0.6083777546882629,
Egypt,abortion,-0.6125558614730835,-0.5117215514183044,-0.764088138771683
Egypt,divorce,-0.5809147357940674,-0.5053173303604126,-0.114469633361321
Egypt,sex before marriage,-0.43723466992378235,-0.36077654361724854,
Egypt,suicide,-0.879798412322998,-0.8572989106178284,-0.9743375174337516
Egypt,euthanasia,-0.8776036500930786,-0.9363914728164673,-0.8726642049904889
Egypt,for a man to beat his wife,-1.0708585977554321,-1.0107672214508057,-0.6553783002145722
Egypt,parents beating children,-1.1326873302459717,-1.0612080097198486,-0.36122733612273367
Egypt,violence against other people,-1.0325486660003662,-0.9251968860626221,-0.8870246085011185
Egypt,"terrorism as a political, ideological or religious mean",-1.0637929439544678,-0.9839868545532227,-0.9790688575899843
Egypt,having casual sex,-0.3083982467651367,0.08572327345609665,
Egypt,political violence,-0.965629518032074,-0.9511947631835938,-0.9744292237442922
Egypt,death penalty,-0.9276032447814941,-1.001991629600525,0.25301204819277107
United States of America,claiming government benefits to which you are not entitled,-0.4019360840320587,-0.3665548264980316,-0.6598303911388023
United States of America,avoiding a fare on public transport,-0.5109137296676636,-0.5411567091941833,-0.5705261336102457
United States of America,stealing property,-0.9051355123519897,-0.85320645570755,-0.8017480096919348
United States of America,cheating on taxes,-0.67948317527771,-0.6840233206748962,-0.7533264212890962
United States of America,someone accepting a bribe in the course of their duties,-0.2894095182418823,-0.15518522262573242,-0.8286208387375703
United States of America,homosexuality,-0.2589304745197296,-0.21722964942455292,0.2215256008359457
United States of America,prostitution,-0.4394114017486572,-0.6083777546882629,-0.3699519542916504
United States of America,abortion,-0.386231005191803,-0.5117215514183044,-0.09622126996493961
United States of America,divorce,-0.44237756729125977,-0.5053173303604126,0.24387397899649943
United States of America,sex before marriage,-0.3135043978691101,-0.36077654361724854,0.27000216590859866
United States of America,suicide,-0.7954200506210327,-0.8572989106178284,-0.4814814814814815
United States of America,euthanasia,-0.7454615831375122,-0.9363914728164673,-0.025707720986690955
United States of America,for a man to beat his wife,-0.9180038571357727,-1.0107672214508057,-0.907911802853437
United States of America,parents beating children,-1.0499099493026733,-1.0612080097198486,-0.7797657634297075
United States of America,violence against other people,-0.8489192724227905,-0.9251968860626221,-0.687521633783316
United States of America,"terrorism as a political, ideological or religious mean",-0.9646481871604919,-0.9839868545532227,-0.8763510592304364
United States of America,having casual sex,-0.17189927399158478,0.08572327345609665,0.06124745704021122
United States of America,political violence,-0.8008424043655396,-0.9511947631835938,-0.7286066744578625
United States of America,death penalty,-0.839539110660553,-1.001991629600525,0.002511474841950284
Mongolia,claiming government benefits to which you are not entitled,-0.5274390578269958,-0.3665548264980316,-0.37043832823649336
Mongolia,avoiding a fare on public transport,-0.6864566802978516,-0.5411567091941833,-0.3412020078686745
Mongolia,stealing property,-1.0283763408660889,-0.85320645570755,-0.4909781576448243
Mongolia,cheating on taxes,-0.8491128087043762,-0.6840233206748962,-0.42382309048975714
Mongolia,someone accepting a bribe in the course of their duties,-0.37571707367897034,-0.15518522262573242,-0.46045312711979375
Mongolia,homosexuality,-0.5271440148353577,-0.21722964942455292,-0.36128069461402795
Mongolia,prostitution,-0.7403533458709717,-0.6083777546882629,-0.46886446886446886
Mongolia,abortion,-0.7336164712905884,-0.5117215514183044,-0.2935829602496269
Mongolia,divorce,-0.6567927002906799,-0.5053173303604126,-0.22018722018722017
Mongolia,sex before marriage,-0.5555990934371948,-0.36077654361724854,-0.214353547686881
Mongolia,suicide,-0.9978551268577576,-0.8572989106178284,-0.49477682811016144
Mongolia,euthanasia,-0.9644343852996826,-0.9363914728164673,-0.3494776828110161
Mongolia,for a man to beat his wife,-1.0943336486816406,-1.0107672214508057,-0.4805318138651472
Mongolia,parents beating children,-1.1546883583068848,-1.0612080097198486,-0.4078144078144078
Mongolia,violence against other people,-1.0626027584075928,-0.9251968860626221,-0.5132275132275133
Mongolia,"terrorism as a political, ideological or religious mean",-1.0968384742736816,-0.9839868545532227,-0.5149911816578483
Mongolia,having casual sex,-0.4794918894767761,0.08572327345609665,-0.37050603717270386
Mongolia,political violence,-0.9584118127822876,-0.9511947631835938,-0.4894858228191561
Mongolia,death penalty,-0.9874206781387329,-1.001991629600525,-0.07176773843440509
Nicaragua,claiming government benefits to which you are not entitled,-0.48758023977279663,-0.3665548264980316,-0.32481481481481483
Nicaragua,avoiding a fare on public transport,-0.5643169283866882,-0.5411567091941833,-0.4111111111111111
Nicaragua,stealing property,-0.8538196682929993,-0.85320645570755,-0.8533333333333334
Nicaragua,cheating on taxes,-0.7603829503059387,-0.6840233206748962,-0.7355555555555555
Nicaragua,someone accepting a bribe in the course of their duties,-0.3629268407821655,-0.15518522262573242,-0.7479629629629629
Nicaragua,homosexuality,-0.3465231657028198,-0.21722964942455292,-0.4968518518518518
Nicaragua,prostitution,-0.517170250415802,-0.6083777546882629,-0.6214814814814814
Nicaragua,abortion,-0.4761500656604767,-0.5117215514183044,-0.7661111111111111
Nicaragua,divorce,-0.4917069971561432,-0.5053173303604126,-0.22666666666666666
Nicaragua,sex before marriage,-0.3696647584438324,-0.36077654361724854,-0.3137037037037037
Nicaragua,suicide,-0.8903669118881226,-0.8572989106178284,-0.8220370370370369
Nicaragua,euthanasia,-0.8196111917495728,-0.9363914728164673,-0.6733333333333333
Nicaragua,for a man to beat his wife,-1.0317751169204712,-1.0107672214508057,-0.8698148148148148
Nicaragua,parents beating children,-1.0483667850494385,-1.0612080097198486,-0.255
Nicaragua,violence against other people,-0.9462397694587708,-0.9251968860626221,-0.7833333333333333
Nicaragua,"terrorism as a political, ideological or religious mean",-1.0266085863113403,-0.9839868545532227,-0.7787037037037036
Nicaragua,having casual sex,-0.2500251531600952,0.08572327345609665,-0.461111111111111
Nicaragua,political violence,-0.8427790403366089,-0.9511947631835938,-0.7607407407407407
Nicaragua,death penalty,-0.9235712289810181,-1.001991629600525,-0.7081481481481482
Morocco,claiming government benefits to which you are not entitled,-0.4736919701099396,-0.3665548264980316,-0.405
Morocco,avoiding a fare on public transport,-0.5498696565628052,-0.5411567091941833,-0.5266666666666666
Morocco,stealing property,-0.8295317888259888,-0.85320645570755,-0.6631481481481482
Morocco,cheating on taxes,-0.7043492197990417,-0.6840233206748962,-0.5931481481481481
Morocco,someone accepting a bribe in the course of their duties,-0.3094092607498169,-0.15518522262573242,-0.6031481481481482
Morocco,homosexuality,-0.32676947116851807,-0.21722964942455292,-0.6066666666666667
Morocco,prostitution,-0.45098617672920227,-0.6083777546882629,-0.6040740740740741
Morocco,abortion,-0.45887327194213867,-0.5117215514183044,-0.41777777777777775
Morocco,divorce,-0.420824259519577,-0.5053173303604126,0.04685185185185185
Morocco,sex before marriage,-0.30334413051605225,-0.36077654361724854,-0.523888888888889
Morocco,suicide,-0.7931045293807983,-0.8572989106178284,-0.5687037037037036
Morocco,euthanasia,-0.7595342397689819,-0.9363914728164673,-0.5125925925925926
Morocco,for a man to beat his wife,-0.9629477858543396,-1.0107672214508057,-0.495
Morocco,parents beating children,-1.052783489227295,-1.0612080097198486,-0.17703703703703702
Morocco,violence against other people,-0.9409084916114807,-0.9251968860626221,-0.5951851851851852
Morocco,"terrorism as a political, ideological or religious mean",-1.004207730293274,-0.9839868545532227,-0.700925925925926
Morocco,having casual sex,-0.16924145817756653,0.08572327345609665,-0.6142592592592593
Morocco,political violence,-0.8690487146377563,-0.9511947631835938,-0.657962962962963
Morocco,death penalty,-0.8494979739189148,-1.001991629600525,-0.2659259259259259
Venezuela,claiming government benefits to which you are not entitled,-0.5179318189620972,-0.3665548264980316,-0.29561157796451915
Venezuela,avoiding a fare on public transport,-0.6847279667854309,-0.5411567091941833,-0.5363211951447245
Venezuela,stealing property,-0.9279838800430298,-0.85320645570755,-0.8001867413632119
Venezuela,cheating on taxes,-0.8086521029472351,-0.6840233206748962,-0.7301587301587301
Venezuela,someone accepting a bribe in the course of their duties,-0.4203691780567169,-0.15518522262573242,-0.7527544351073763
Venezuela,homosexuality,-0.4303353428840637,-0.21722964942455292,-0.2931839402427638
Venezuela,prostitution,-0.6606569290161133,-0.6083777546882629,-0.492063492063492
Venezuela,abortion,-0.6107553243637085,-0.5117215514183044,-0.5906629318394023
Venezuela,divorce,-0.5817327499389648,-0.5053173303604126,0.00597572362278244
Venezuela,sex before marriage,-0.5040346384048462,-0.36077654361724854,-0.060877684407096185
Venezuela,suicide,-0.8861179947853088,-0.8572989106178284,-0.6879551820728291
Venezuela,euthanasia,-0.8685481548309326,-0.9363914728164673,-0.48173386333522616
Venezuela,for a man to beat his wife,-1.0375118255615234,-1.0107672214508057,-0.7557422969187675
Venezuela,parents beating children,-1.1084303855895996,-1.0612080097198486,-0.42745098039215684
Venezuela,violence against other people,-0.9836322069168091,-0.9251968860626221,-0.6943043884220355
Venezuela,"terrorism as a political, ideological or religious mean",-1.0363795757293701,-0.9839868545532227,-0.7540616246498599
Venezuela,having casual sex,-0.3614359200000763,0.08572327345609665,-0.21549953314659198
Venezuela,political violence,-0.9016743302345276,-0.9511947631835938,-0.6935574229691877
Venezuela,death penalty,-0.9017775058746338,-1.001991629600525,-0.4819794584500467
Iraq,claiming government benefits to which you are not entitled,-0.4713708460330963,-0.3665548264980316,-0.43
Iraq,avoiding a fare on public transport,-0.663989782333374,-0.5411567091941833,-0.5585185185185185
Iraq,stealing property,-0.9692720174789429,-0.85320645570755,-0.6853703703703703
Iraq,cheating on taxes,-0.7621818780899048,-0.6840233206748962,-0.6144444444444443
Iraq,someone accepting a bribe in the course of their duties,-0.42647451162338257,-0.15518522262573242,-0.6338888888888888
Iraq,homosexuality,-0.45289504528045654,-0.21722964942455292,-0.7120425815036595
Iraq,prostitution,-0.605214536190033,-0.6083777546882629,
Iraq,abortion,-0.5481454133987427,-0.5117215514183044,-0.6040740740740741
Iraq,divorce,-0.572153627872467,-0.5053173303604126,-0.38407407407407407
Iraq,sex before marriage,-0.5319377183914185,-0.36077654361724854,
Iraq,suicide,-0.9480651617050171,-0.8572989106178284,-0.7155555555555554
Iraq,euthanasia,-0.8768979907035828,-0.9363914728164673,-0.6894444444444444
Iraq,for a man to beat his wife,-1.121033787727356,-1.0107672214508057,-0.6409259259259259
Iraq,parents beating children,-1.1223758459091187,-1.0612080097198486,-0.47981481481481486
Iraq,violence against other people,-0.9693159461021423,-0.9251968860626221,-0.6685185185185185
Iraq,"terrorism as a political, ideological or religious mean",-1.0944137573242188,-0.9839868545532227,-0.675
Iraq,having casual sex,-0.4567178189754486,0.08572327345609665,
Iraq,political violence,-0.8878024816513062,-0.9511947631835938,-0.632962962962963
Iraq,death penalty,-0.9705523252487183,-1.001991629600525,-0.1198148148148148
Tajikistan,claiming government benefits to which you are not entitled,-0.5325582027435303,-0.3665548264980316,-0.5337037037037036
Tajikistan,avoiding a fare on public transport,-0.6591660976409912,-0.5411567091941833,-0.6446296296296296
Tajikistan,stealing property,-1.0068472623825073,-0.85320645570755,-0.7353703703703703
Tajikistan,cheating on taxes,-0.8432650566101074,-0.6840233206748962,-0.6838888888888889
Tajikistan,someone accepting a bribe in the course of their duties,-0.3840993046760559,-0.15518522262573242,-0.7209259259259259
Tajikistan,homosexuality,-0.4738977551460266,-0.21722964942455292,
Tajikistan,prostitution,-0.6554146409034729,-0.6083777546882629,-0.754074074074074
Tajikistan,abortion,-0.6973190307617188,-0.5117215514183044,-0.7037037037037036
Tajikistan,divorce,-0.5973615050315857,-0.5053173303604126,-0.6964814814814815
Tajikistan,sex before marriage,-0.4687559902667999,-0.36077654361724854,-0.7487037037037036
Tajikistan,suicide,-0.9933160543441772,-0.8572989106178284,-0.7594444444444444
Tajikistan,euthanasia,-0.9373659491539001,-0.9363914728164673,-0.6992592592592592
Tajikistan,for a man to beat his wife,-1.1053194999694824,-1.0107672214508057,-0.7118518518518518
Tajikistan,parents beating children,-1.1594237089157104,-1.0612080097198486,-0.7133333333333334
Tajikistan,violence against other people,-1.0116119384765625,-0.9251968860626221,-0.7224074074074074
Tajikistan,"terrorism as a political, ideological or religious mean",-1.0849387645721436,-0.9839868545532227,-0.7270370370370369
Tajikistan,having casual sex,-0.392520934343338,0.08572327345609665,-0.7414814814814815
Tajikistan,political violence,-0.9489309191703796,-0.9511947631835938,-0.73
Tajikistan,death penalty,-0.9963943362236023,-1.001991629600525,-0.6748148148148148
Guatemala,claiming government benefits to which you are not entitled,-0.46539920568466187,-0.3665548264980316,-0.3016924208977189
Guatemala,avoiding a fare on public transport,-0.5540460348129272,-0.5411567091941833,-0.400405380504883
Guatemala,stealing property,-0.8502762913703918,-0.85320645570755,-0.7254901960784315
Guatemala,cheating on taxes,-0.7086015343666077,-0.6840233206748962,-0.6922648859209795
Guatemala,someone accepting a bribe in the course of their duties,-0.3102964460849762,-0.15518522262573242,-0.7091883897208355
Guatemala,homosexuality,-0.32269522547721863,-0.21722964942455292,-0.3932687874596589
Guatemala,prostitution,-0.5278845429420471,-0.6083777546882629,-0.46737213403880074
Guatemala,abortion,-0.46996957063674927,-0.5117215514183044,-0.5645919778699862
Guatemala,divorce,-0.45051589608192444,-0.5053173303604126,-0.11019207793401342
Guatemala,sex before marriage,-0.32116591930389404,-0.36077654361724854,-0.3325956662056247
Guatemala,suicide,-0.8845025897026062,-0.8572989106178284,-0.6436686062621225
Guatemala,euthanasia,-0.7660338878631592,-0.9363914728164673,-0.393939393939394
Guatemala,for a man to beat his wife,-1.0127373933792114,-1.0107672214508057,-0.8044739022369511
Guatemala,parents beating children,-1.0372740030288696,-1.0612080097198486,-0.31888888888888883
Guatemala,violence against other people,-0.9455047845840454,-0.9251968860626221,-0.7308970099667774
Guatemala,"terrorism as a political, ideological or religious mean",-1.0072985887527466,-0.9839868545532227,-0.75787728026534
Guatemala,having casual sex,-0.22315770387649536,0.08572327345609665,-0.441411634960022
Guatemala,political violence,-0.8141139149665833,-0.9511947631835938,-0.7622351743917106
Guatemala,death penalty,-0.8648386597633362,-1.001991629600525,-0.09047355813524968
Malaysia,claiming government benefits to which you are not entitled,-0.4543163776397705,-0.3665548264980316,-0.2454937801472455
Malaysia,avoiding a fare on public transport,-0.5793429613113403,-0.5411567091941833,-0.33790302107133785
Malaysia,stealing property,-0.923088550567627,-0.85320645570755,-0.5333841076415333
Malaysia,cheating on taxes,-0.7369493246078491,-0.6840233206748962,-0.4646695438774647
Malaysia,someone accepting a bribe in the course of their duties,-0.3107469081878662,-0.15518522262573242,-0.5367690615215368
Malaysia,homosexuality,-0.2875622510910034,-0.21722964942455292,-0.4235423542354235
Malaysia,prostitution,-0.5496385097503662,-0.6083777546882629,-0.46940847930946933
Malaysia,abortion,-0.5361075401306152,-0.5117215514183044,-0.43894389438943887
Malaysia,divorce,-0.48623159527778625,-0.5053173303604126,-0.1904882795971905
Malaysia,sex before marriage,-0.344903826713562,-0.36077654361724854,-0.37310654142337313
Malaysia,suicide,-0.9010170698165894,-0.8572989106178284,-0.5222137598375222
Malaysia,euthanasia,-0.7982977628707886,-0.9363914728164673,-0.34365744266734366
Malaysia,for a man to beat his wife,-1.0011175870895386,-1.0107672214508057,-0.5255987137175255
Malaysia,parents beating children,-1.0500023365020752,-1.0612080097198486,-0.22975374460522976
Malaysia,violence against other people,-0.9597962498664856,-0.9251968860626221,-0.4941186426334941
Malaysia,"terrorism as a political, ideological or religious mean",-1.0355421304702759,-0.9839868545532227,-0.5323686214775324
Malaysia,having casual sex,-0.14410461485385895,0.08572327345609665,-0.4235423542354235
Malaysia,political violence,-0.8984394073486328,-0.9511947631835938,-0.5225522552255225
Malaysia,death penalty,-0.9140600562095642,-1.001991629600525,-0.20555132436320558
